date,name,value
2015-01-01,freeCodeCamp/freeCodeCamp,16
2015-02-01,freeCodeCamp/freeCodeCamp,55
2015-03-01,freeCodeCamp/freeCodeCamp,80
2015-04-01,freeCodeCamp/freeCodeCamp,105
2015-05-01,freeCodeCamp/freeCodeCamp,125
2015-06-01,freeCodeCamp/freeCodeCamp,173
2015-07-01,freeCodeCamp/freeCodeCamp,1145
2015-08-01,freeCodeCamp/freeCodeCamp,9964
2015-09-01,freeCodeCamp/freeCodeCamp,14735
2015-10-01,freeCodeCamp/freeCodeCamp,17767
2015-11-01,freeCodeCamp/freeCodeCamp,24001
2015-12-01,freeCodeCamp/freeCodeCamp,32907
2016-01-01,freeCodeCamp/freeCodeCamp,43104
2016-02-01,freeCodeCamp/freeCodeCamp,56734
2016-03-01,freeCodeCamp/freeCodeCamp,72013
2016-04-01,freeCodeCamp/freeCodeCamp,85196
2016-05-01,freeCodeCamp/freeCodeCamp,98243
2016-06-01,freeCodeCamp/freeCodeCamp,112794
2016-07-01,freeCodeCamp/freeCodeCamp,129332
2016-08-01,freeCodeCamp/freeCodeCamp,137485
2016-09-01,freeCodeCamp/freeCodeCamp,145442
2016-10-01,freeCodeCamp/freeCodeCamp,154363
2016-11-01,freeCodeCamp/freeCodeCamp,164842
2016-12-01,freeCodeCamp/freeCodeCamp,176215
2017-01-01,freeCodeCamp/freeCodeCamp,187732
2017-02-01,freeCodeCamp/freeCodeCamp,199896
2017-03-01,freeCodeCamp/freeCodeCamp,210656
2017-04-01,freeCodeCamp/freeCodeCamp,222410
2017-05-01,freeCodeCamp/freeCodeCamp,234450
2017-06-01,freeCodeCamp/freeCodeCamp,248124
2017-07-01,freeCodeCamp/freeCodeCamp,259246
2017-08-01,freeCodeCamp/freeCodeCamp,260159
2017-09-01,freeCodeCamp/freeCodeCamp,261085
2017-10-01,freeCodeCamp/freeCodeCamp,261788
2017-11-01,freeCodeCamp/freeCodeCamp,262710
2017-12-01,freeCodeCamp/freeCodeCamp,263505
2018-01-01,freeCodeCamp/freeCodeCamp,264212
2018-02-01,freeCodeCamp/freeCodeCamp,265010
2018-03-01,freeCodeCamp/freeCodeCamp,265763
2018-04-01,freeCodeCamp/freeCodeCamp,266634
2018-05-01,freeCodeCamp/freeCodeCamp,267468
2018-06-01,freeCodeCamp/freeCodeCamp,268208
2018-07-01,freeCodeCamp/freeCodeCamp,269092
2018-08-01,freeCodeCamp/freeCodeCamp,270338
2018-09-01,freeCodeCamp/freeCodeCamp,271455
2018-10-01,freeCodeCamp/freeCodeCamp,272373
2018-11-01,freeCodeCamp/freeCodeCamp,274414
2018-12-01,freeCodeCamp/freeCodeCamp,275369
2019-01-01,freeCodeCamp/freeCodeCamp,276278
2019-02-01,freeCodeCamp/freeCodeCamp,277330
2019-03-01,freeCodeCamp/freeCodeCamp,278248
2019-04-01,freeCodeCamp/freeCodeCamp,280689
2019-05-01,freeCodeCamp/freeCodeCamp,283476
2019-06-01,freeCodeCamp/freeCodeCamp,284780
2019-07-01,freeCodeCamp/freeCodeCamp,285688
2019-08-01,freeCodeCamp/freeCodeCamp,286594
2019-09-01,freeCodeCamp/freeCodeCamp,287461
2019-10-01,freeCodeCamp/freeCodeCamp,288479
2019-11-01,freeCodeCamp/freeCodeCamp,289512
2019-12-01,freeCodeCamp/freeCodeCamp,291009
2020-01-01,freeCodeCamp/freeCodeCamp,292006
2020-02-01,freeCodeCamp/freeCodeCamp,292965
2020-03-01,freeCodeCamp/freeCodeCamp,293849
2020-04-01,freeCodeCamp/freeCodeCamp,294800
2020-05-01,freeCodeCamp/freeCodeCamp,296051
2020-06-01,freeCodeCamp/freeCodeCamp,297385
2020-07-01,freeCodeCamp/freeCodeCamp,298478
2020-08-01,freeCodeCamp/freeCodeCamp,299836
2020-09-01,freeCodeCamp/freeCodeCamp,301186
2020-10-01,freeCodeCamp/freeCodeCamp,302421
2020-11-01,freeCodeCamp/freeCodeCamp,303810
2020-12-01,freeCodeCamp/freeCodeCamp,304865
2021-01-01,freeCodeCamp/freeCodeCamp,306138
2021-02-01,freeCodeCamp/freeCodeCamp,307400
2021-03-01,freeCodeCamp/freeCodeCamp,309500
2021-04-01,freeCodeCamp/freeCodeCamp,310931
2021-05-01,freeCodeCamp/freeCodeCamp,312291
2021-06-01,freeCodeCamp/freeCodeCamp,313714
2021-07-01,freeCodeCamp/freeCodeCamp,314862
2021-08-01,freeCodeCamp/freeCodeCamp,316871
2021-09-01,freeCodeCamp/freeCodeCamp,318827
2021-10-01,freeCodeCamp/freeCodeCamp,322300
2021-11-01,freeCodeCamp/freeCodeCamp,324216
2021-12-01,freeCodeCamp/freeCodeCamp,326243
2022-01-01,freeCodeCamp/freeCodeCamp,328089
2022-02-01,freeCodeCamp/freeCodeCamp,330262
2022-03-01,freeCodeCamp/freeCodeCamp,332170
2022-04-01,freeCodeCamp/freeCodeCamp,334275
2022-05-01,freeCodeCamp/freeCodeCamp,336052
2022-06-01,freeCodeCamp/freeCodeCamp,338203
2022-07-01,freeCodeCamp/freeCodeCamp,340091
2022-08-01,freeCodeCamp/freeCodeCamp,342672
2022-09-01,freeCodeCamp/freeCodeCamp,344673
2022-10-01,freeCodeCamp/freeCodeCamp,346825
2022-11-01,freeCodeCamp/freeCodeCamp,349111
2022-12-01,freeCodeCamp/freeCodeCamp,350730
2023-01-01,freeCodeCamp/freeCodeCamp,352019
2023-02-01,freeCodeCamp/freeCodeCamp,353738
2023-03-01,freeCodeCamp/freeCodeCamp,356004
2023-04-01,freeCodeCamp/freeCodeCamp,357918
2023-05-01,freeCodeCamp/freeCodeCamp,359566
2023-06-01,freeCodeCamp/freeCodeCamp,362637
2023-07-01,freeCodeCamp/freeCodeCamp,364167
2023-08-01,freeCodeCamp/freeCodeCamp,365661
2023-09-01,freeCodeCamp/freeCodeCamp,367394
2023-10-01,freeCodeCamp/freeCodeCamp,370277
2023-11-01,freeCodeCamp/freeCodeCamp,372515
2023-12-01,freeCodeCamp/freeCodeCamp,374752
2024-01-01,freeCodeCamp/freeCodeCamp,376712
2024-02-01,freeCodeCamp/freeCodeCamp,379275
2024-03-01,freeCodeCamp/freeCodeCamp,381211
2024-04-01,freeCodeCamp/freeCodeCamp,382961
2024-05-01,freeCodeCamp/freeCodeCamp,385902
2024-06-01,freeCodeCamp/freeCodeCamp,388560
2024-07-01,freeCodeCamp/freeCodeCamp,390346
2024-08-01,freeCodeCamp/freeCodeCamp,395018
2024-09-01,freeCodeCamp/freeCodeCamp,398649
2024-10-01,freeCodeCamp/freeCodeCamp,401729
2024-11-01,freeCodeCamp/freeCodeCamp,404087
2024-12-01,freeCodeCamp/freeCodeCamp,405938
2025-01-01,freeCodeCamp/freeCodeCamp,408108
2025-02-01,freeCodeCamp/freeCodeCamp,408385
2013-11-01,EbookFoundation/free-programming-books,9160
2013-12-01,EbookFoundation/free-programming-books,11305
2014-01-01,EbookFoundation/free-programming-books,12948
2014-02-01,EbookFoundation/free-programming-books,15487
2014-03-01,EbookFoundation/free-programming-books,17213
2014-04-01,EbookFoundation/free-programming-books,18012
2014-05-01,EbookFoundation/free-programming-books,21714
2014-06-01,EbookFoundation/free-programming-books,22671
2014-07-01,EbookFoundation/free-programming-books,23236
2014-08-01,EbookFoundation/free-programming-books,23814
2014-09-01,EbookFoundation/free-programming-books,24905
2014-10-01,EbookFoundation/free-programming-books,25679
2014-11-01,EbookFoundation/free-programming-books,26780
2014-12-01,EbookFoundation/free-programming-books,27475
2015-01-01,EbookFoundation/free-programming-books,28803
2015-02-01,EbookFoundation/free-programming-books,29702
2015-03-01,EbookFoundation/free-programming-books,32661
2015-04-01,EbookFoundation/free-programming-books,33528
2015-05-01,EbookFoundation/free-programming-books,34343
2015-06-01,EbookFoundation/free-programming-books,35582
2015-07-01,EbookFoundation/free-programming-books,36371
2015-08-01,EbookFoundation/free-programming-books,37079
2015-09-01,EbookFoundation/free-programming-books,37826
2015-10-01,EbookFoundation/free-programming-books,38662
2015-11-01,EbookFoundation/free-programming-books,39636
2015-12-01,EbookFoundation/free-programming-books,41439
2016-01-01,EbookFoundation/free-programming-books,42828
2016-02-01,EbookFoundation/free-programming-books,45046
2016-03-01,EbookFoundation/free-programming-books,46197
2016-04-01,EbookFoundation/free-programming-books,47516
2016-05-01,EbookFoundation/free-programming-books,48830
2016-06-01,EbookFoundation/free-programming-books,49949
2016-07-01,EbookFoundation/free-programming-books,51022
2016-08-01,EbookFoundation/free-programming-books,55944
2016-09-01,EbookFoundation/free-programming-books,58840
2016-10-01,EbookFoundation/free-programming-books,60640
2016-11-01,EbookFoundation/free-programming-books,62405
2016-12-01,EbookFoundation/free-programming-books,64403
2017-01-01,EbookFoundation/free-programming-books,66902
2017-02-01,EbookFoundation/free-programming-books,69635
2017-03-01,EbookFoundation/free-programming-books,71366
2017-04-01,EbookFoundation/free-programming-books,74477
2017-05-01,EbookFoundation/free-programming-books,76624
2017-06-01,EbookFoundation/free-programming-books,78160
2017-07-01,EbookFoundation/free-programming-books,80291
2017-08-01,EbookFoundation/free-programming-books,81862
2017-09-01,EbookFoundation/free-programming-books,84219
2017-10-01,EbookFoundation/free-programming-books,86695
2017-11-01,EbookFoundation/free-programming-books,88479
2017-12-01,EbookFoundation/free-programming-books,89746
2018-01-01,EbookFoundation/free-programming-books,90951
2018-02-01,EbookFoundation/free-programming-books,92555
2018-03-01,EbookFoundation/free-programming-books,93760
2018-04-01,EbookFoundation/free-programming-books,95126
2018-05-01,EbookFoundation/free-programming-books,96430
2018-06-01,EbookFoundation/free-programming-books,97787
2018-07-01,EbookFoundation/free-programming-books,99471
2018-08-01,EbookFoundation/free-programming-books,100809
2018-09-01,EbookFoundation/free-programming-books,102492
2018-10-01,EbookFoundation/free-programming-books,103687
2018-11-01,EbookFoundation/free-programming-books,105143
2018-12-01,EbookFoundation/free-programming-books,106370
2019-01-01,EbookFoundation/free-programming-books,107447
2019-02-01,EbookFoundation/free-programming-books,108834
2019-03-01,EbookFoundation/free-programming-books,109896
2019-04-01,EbookFoundation/free-programming-books,112244
2019-05-01,EbookFoundation/free-programming-books,114113
2019-06-01,EbookFoundation/free-programming-books,115593
2019-07-01,EbookFoundation/free-programming-books,116807
2019-08-01,EbookFoundation/free-programming-books,118306
2019-09-01,EbookFoundation/free-programming-books,119763
2019-10-01,EbookFoundation/free-programming-books,121544
2019-11-01,EbookFoundation/free-programming-books,122730
2019-12-01,EbookFoundation/free-programming-books,124719
2020-01-01,EbookFoundation/free-programming-books,126456
2020-02-01,EbookFoundation/free-programming-books,128417
2020-03-01,EbookFoundation/free-programming-books,129836
2020-04-01,EbookFoundation/free-programming-books,131555
2020-05-01,EbookFoundation/free-programming-books,137957
2020-06-01,EbookFoundation/free-programming-books,141585
2020-07-01,EbookFoundation/free-programming-books,144478
2020-08-01,EbookFoundation/free-programming-books,146321
2020-09-01,EbookFoundation/free-programming-books,149445
2020-10-01,EbookFoundation/free-programming-books,151838
2020-11-01,EbookFoundation/free-programming-books,155178
2020-12-01,EbookFoundation/free-programming-books,158045
2021-01-01,EbookFoundation/free-programming-books,161427
2021-02-01,EbookFoundation/free-programming-books,164662
2021-03-01,EbookFoundation/free-programming-books,169051
2021-04-01,EbookFoundation/free-programming-books,172272
2021-05-01,EbookFoundation/free-programming-books,176806
2021-06-01,EbookFoundation/free-programming-books,181143
2021-07-01,EbookFoundation/free-programming-books,185169
2021-08-01,EbookFoundation/free-programming-books,188495
2021-09-01,EbookFoundation/free-programming-books,192252
2021-10-01,EbookFoundation/free-programming-books,197474
2021-11-01,EbookFoundation/free-programming-books,200333
2021-12-01,EbookFoundation/free-programming-books,203467
2022-01-01,EbookFoundation/free-programming-books,208367
2022-02-01,EbookFoundation/free-programming-books,211119
2022-03-01,EbookFoundation/free-programming-books,213708
2022-04-01,EbookFoundation/free-programming-books,219858
2022-05-01,EbookFoundation/free-programming-books,222925
2022-06-01,EbookFoundation/free-programming-books,225331
2022-07-01,EbookFoundation/free-programming-books,228812
2022-08-01,EbookFoundation/free-programming-books,234545
2022-09-01,EbookFoundation/free-programming-books,238360
2022-10-01,EbookFoundation/free-programming-books,241998
2022-11-01,EbookFoundation/free-programming-books,244997
2022-12-01,EbookFoundation/free-programming-books,249047
2023-01-01,EbookFoundation/free-programming-books,251660
2023-02-01,EbookFoundation/free-programming-books,255989
2023-03-01,EbookFoundation/free-programming-books,261299
2023-04-01,EbookFoundation/free-programming-books,264886
2023-05-01,EbookFoundation/free-programming-books,270155
2023-06-01,EbookFoundation/free-programming-books,273853
2023-07-01,EbookFoundation/free-programming-books,277913
2023-08-01,EbookFoundation/free-programming-books,287123
2023-09-01,EbookFoundation/free-programming-books,289782
2023-10-01,EbookFoundation/free-programming-books,292395
2023-11-01,EbookFoundation/free-programming-books,297291
2023-12-01,EbookFoundation/free-programming-books,299456
2024-01-01,EbookFoundation/free-programming-books,301834
2024-02-01,EbookFoundation/free-programming-books,306572
2024-03-01,EbookFoundation/free-programming-books,309922
2024-04-01,EbookFoundation/free-programming-books,313908
2024-05-01,EbookFoundation/free-programming-books,317902
2024-06-01,EbookFoundation/free-programming-books,320514
2024-07-01,EbookFoundation/free-programming-books,323207
2024-08-01,EbookFoundation/free-programming-books,328442
2024-09-01,EbookFoundation/free-programming-books,331167
2024-10-01,EbookFoundation/free-programming-books,333672
2024-11-01,EbookFoundation/free-programming-books,336425
2024-12-01,EbookFoundation/free-programming-books,340123
2025-01-01,EbookFoundation/free-programming-books,345064
2025-02-01,EbookFoundation/free-programming-books,346167
2014-08-01,sindresorhus/awesome,572
2014-09-01,sindresorhus/awesome,811
2014-10-01,sindresorhus/awesome,1185
2014-11-01,sindresorhus/awesome,1451
2014-12-01,sindresorhus/awesome,1922
2015-01-01,sindresorhus/awesome,2188
2015-02-01,sindresorhus/awesome,2543
2015-03-01,sindresorhus/awesome,2765
2015-04-01,sindresorhus/awesome,3007
2015-05-01,sindresorhus/awesome,3313
2015-06-01,sindresorhus/awesome,9174
2015-07-01,sindresorhus/awesome,11463
2015-08-01,sindresorhus/awesome,12415
2015-09-01,sindresorhus/awesome,14899
2015-10-01,sindresorhus/awesome,16896
2015-11-01,sindresorhus/awesome,19366
2015-12-01,sindresorhus/awesome,21125
2016-01-01,sindresorhus/awesome,23166
2016-02-01,sindresorhus/awesome,25406
2016-03-01,sindresorhus/awesome,27580
2016-04-01,sindresorhus/awesome,29570
2016-05-01,sindresorhus/awesome,31008
2016-06-01,sindresorhus/awesome,32456
2016-07-01,sindresorhus/awesome,33872
2016-08-01,sindresorhus/awesome,35596
2016-09-01,sindresorhus/awesome,37636
2016-10-01,sindresorhus/awesome,39638
2016-11-01,sindresorhus/awesome,41392
2016-12-01,sindresorhus/awesome,42911
2017-01-01,sindresorhus/awesome,44638
2017-02-01,sindresorhus/awesome,46716
2017-03-01,sindresorhus/awesome,48890
2017-04-01,sindresorhus/awesome,50981
2017-05-01,sindresorhus/awesome,52698
2017-06-01,sindresorhus/awesome,54270
2017-07-01,sindresorhus/awesome,56003
2017-08-01,sindresorhus/awesome,57623
2017-09-01,sindresorhus/awesome,59452
2017-10-01,sindresorhus/awesome,61147
2017-11-01,sindresorhus/awesome,63058
2017-12-01,sindresorhus/awesome,66760
2018-01-01,sindresorhus/awesome,68734
2018-02-01,sindresorhus/awesome,71279
2018-03-01,sindresorhus/awesome,73021
2018-04-01,sindresorhus/awesome,75708
2018-05-01,sindresorhus/awesome,77737
2018-06-01,sindresorhus/awesome,79665
2018-07-01,sindresorhus/awesome,81786
2018-08-01,sindresorhus/awesome,83421
2018-09-01,sindresorhus/awesome,85179
2018-10-01,sindresorhus/awesome,86813
2018-11-01,sindresorhus/awesome,88818
2018-12-01,sindresorhus/awesome,90685
2019-01-01,sindresorhus/awesome,92318
2019-02-01,sindresorhus/awesome,94450
2019-03-01,sindresorhus/awesome,96263
2019-04-01,sindresorhus/awesome,98685
2019-05-01,sindresorhus/awesome,100918
2019-06-01,sindresorhus/awesome,102822
2019-07-01,sindresorhus/awesome,104666
2019-08-01,sindresorhus/awesome,106553
2019-09-01,sindresorhus/awesome,108405
2019-10-01,sindresorhus/awesome,110124
2019-11-01,sindresorhus/awesome,111956
2019-12-01,sindresorhus/awesome,113686
2020-01-01,sindresorhus/awesome,115907
2020-02-01,sindresorhus/awesome,118438
2020-03-01,sindresorhus/awesome,120461
2020-04-01,sindresorhus/awesome,123445
2020-05-01,sindresorhus/awesome,125432
2020-06-01,sindresorhus/awesome,127519
2020-07-01,sindresorhus/awesome,129406
2020-08-01,sindresorhus/awesome,131187
2020-09-01,sindresorhus/awesome,133221
2020-10-01,sindresorhus/awesome,135182
2020-11-01,sindresorhus/awesome,136944
2020-12-01,sindresorhus/awesome,140807
2021-01-01,sindresorhus/awesome,143205
2021-02-01,sindresorhus/awesome,144964
2021-03-01,sindresorhus/awesome,147376
2021-04-01,sindresorhus/awesome,149359
2021-05-01,sindresorhus/awesome,152883
2021-06-01,sindresorhus/awesome,155332
2021-07-01,sindresorhus/awesome,158266
2021-08-01,sindresorhus/awesome,159867
2021-09-01,sindresorhus/awesome,161354
2021-10-01,sindresorhus/awesome,163832
2021-11-01,sindresorhus/awesome,167339
2021-12-01,sindresorhus/awesome,170928
2022-01-01,sindresorhus/awesome,175864
2022-02-01,sindresorhus/awesome,180674
2022-03-01,sindresorhus/awesome,184356
2022-04-01,sindresorhus/awesome,188937
2022-05-01,sindresorhus/awesome,192744
2022-06-01,sindresorhus/awesome,196829
2022-07-01,sindresorhus/awesome,200539
2022-08-01,sindresorhus/awesome,206282
2022-09-01,sindresorhus/awesome,211034
2022-10-01,sindresorhus/awesome,215269
2022-11-01,sindresorhus/awesome,218283
2022-12-01,sindresorhus/awesome,222278
2023-01-01,sindresorhus/awesome,226288
2023-02-01,sindresorhus/awesome,230955
2023-03-01,sindresorhus/awesome,235259
2023-04-01,sindresorhus/awesome,241129
2023-05-01,sindresorhus/awesome,246401
2023-06-01,sindresorhus/awesome,251026
2023-07-01,sindresorhus/awesome,255138
2023-08-01,sindresorhus/awesome,258932
2023-09-01,sindresorhus/awesome,262854
2023-10-01,sindresorhus/awesome,266740
2023-11-01,sindresorhus/awesome,271290
2023-12-01,sindresorhus/awesome,275420
2024-01-01,sindresorhus/awesome,279558
2024-02-01,sindresorhus/awesome,284256
2024-03-01,sindresorhus/awesome,288608
2024-04-01,sindresorhus/awesome,293266
2024-05-01,sindresorhus/awesome,298241
2024-06-01,sindresorhus/awesome,302613
2024-07-01,sindresorhus/awesome,306823
2024-08-01,sindresorhus/awesome,314302
2024-09-01,sindresorhus/awesome,320328
2024-10-01,sindresorhus/awesome,325509
2024-11-01,sindresorhus/awesome,330140
2024-12-01,sindresorhus/awesome,334919
2025-01-01,sindresorhus/awesome,339687
2025-02-01,sindresorhus/awesome,340463
2016-07-01,jwasham/coding-interview-university,0
2016-08-01,jwasham/coding-interview-university,5
2016-09-01,jwasham/coding-interview-university,22
2016-10-01,jwasham/coding-interview-university,40
2016-11-01,jwasham/coding-interview-university,16674
2016-12-01,jwasham/coding-interview-university,18819
2017-01-01,jwasham/coding-interview-university,27045
2017-02-01,jwasham/coding-interview-university,30829
2017-03-01,jwasham/coding-interview-university,32038
2017-04-01,jwasham/coding-interview-university,34659
2017-05-01,jwasham/coding-interview-university,38375
2017-06-01,jwasham/coding-interview-university,39673
2017-07-01,jwasham/coding-interview-university,40483
2017-08-01,jwasham/coding-interview-university,41417
2017-09-01,jwasham/coding-interview-university,42304
2017-10-01,jwasham/coding-interview-university,43185
2017-11-01,jwasham/coding-interview-university,44166
2017-12-01,jwasham/coding-interview-university,45023
2018-01-01,jwasham/coding-interview-university,50116
2018-02-01,jwasham/coding-interview-university,51676
2018-03-01,jwasham/coding-interview-university,53058
2018-04-01,jwasham/coding-interview-university,54383
2018-05-01,jwasham/coding-interview-university,56542
2018-06-01,jwasham/coding-interview-university,58793
2018-07-01,jwasham/coding-interview-university,60061
2018-08-01,jwasham/coding-interview-university,61042
2018-09-01,jwasham/coding-interview-university,62125
2018-10-01,jwasham/coding-interview-university,63416
2018-11-01,jwasham/coding-interview-university,64627
2018-12-01,jwasham/coding-interview-university,65580
2019-01-01,jwasham/coding-interview-university,66903
2019-02-01,jwasham/coding-interview-university,68005
2019-03-01,jwasham/coding-interview-university,68916
2019-04-01,jwasham/coding-interview-university,70160
2019-05-01,jwasham/coding-interview-university,71234
2019-06-01,jwasham/coding-interview-university,72420
2019-07-01,jwasham/coding-interview-university,73432
2019-08-01,jwasham/coding-interview-university,77069
2019-09-01,jwasham/coding-interview-university,82037
2019-10-01,jwasham/coding-interview-university,84028
2019-11-01,jwasham/coding-interview-university,85742
2019-12-01,jwasham/coding-interview-university,87814
2020-01-01,jwasham/coding-interview-university,89030
2020-02-01,jwasham/coding-interview-university,90716
2020-03-01,jwasham/coding-interview-university,93473
2020-04-01,jwasham/coding-interview-university,97461
2020-05-01,jwasham/coding-interview-university,103663
2020-06-01,jwasham/coding-interview-university,111010
2020-07-01,jwasham/coding-interview-university,114644
2020-08-01,jwasham/coding-interview-university,119247
2020-09-01,jwasham/coding-interview-university,124495
2020-10-01,jwasham/coding-interview-university,127778
2020-11-01,jwasham/coding-interview-university,132749
2020-12-01,jwasham/coding-interview-university,135183
2021-01-01,jwasham/coding-interview-university,143196
2021-02-01,jwasham/coding-interview-university,145794
2021-03-01,jwasham/coding-interview-university,147251
2021-04-01,jwasham/coding-interview-university,149531
2021-05-01,jwasham/coding-interview-university,157152
2021-06-01,jwasham/coding-interview-university,164830
2021-07-01,jwasham/coding-interview-university,173628
2021-08-01,jwasham/coding-interview-university,179276
2021-09-01,jwasham/coding-interview-university,181228
2021-10-01,jwasham/coding-interview-university,184538
2021-11-01,jwasham/coding-interview-university,187056
2021-12-01,jwasham/coding-interview-university,190078
2022-01-01,jwasham/coding-interview-university,193282
2022-02-01,jwasham/coding-interview-university,196944
2022-03-01,jwasham/coding-interview-university,202107
2022-04-01,jwasham/coding-interview-university,206963
2022-05-01,jwasham/coding-interview-university,210014
2022-06-01,jwasham/coding-interview-university,212824
2022-07-01,jwasham/coding-interview-university,214828
2022-08-01,jwasham/coding-interview-university,219665
2022-09-01,jwasham/coding-interview-university,223522
2022-10-01,jwasham/coding-interview-university,227529
2022-11-01,jwasham/coding-interview-university,229711
2022-12-01,jwasham/coding-interview-university,233167
2023-01-01,jwasham/coding-interview-university,235233
2023-02-01,jwasham/coding-interview-university,239050
2023-03-01,jwasham/coding-interview-university,243417
2023-04-01,jwasham/coding-interview-university,246551
2023-05-01,jwasham/coding-interview-university,249851
2023-06-01,jwasham/coding-interview-university,252764
2023-07-01,jwasham/coding-interview-university,254889
2023-08-01,jwasham/coding-interview-university,256806
2023-09-01,jwasham/coding-interview-university,259181
2023-10-01,jwasham/coding-interview-university,263498
2023-11-01,jwasham/coding-interview-university,265677
2023-12-01,jwasham/coding-interview-university,268274
2024-01-01,jwasham/coding-interview-university,270182
2024-02-01,jwasham/coding-interview-university,273057
2024-03-01,jwasham/coding-interview-university,275425
2024-04-01,jwasham/coding-interview-university,277462
2024-05-01,jwasham/coding-interview-university,287711
2024-06-01,jwasham/coding-interview-university,292134
2024-07-01,jwasham/coding-interview-university,295392
2024-08-01,jwasham/coding-interview-university,299035
2024-09-01,jwasham/coding-interview-university,301799
2024-10-01,jwasham/coding-interview-university,303785
2024-11-01,jwasham/coding-interview-university,305437
2024-12-01,jwasham/coding-interview-university,306955
2025-01-01,jwasham/coding-interview-university,308894
2025-02-01,jwasham/coding-interview-university,309431
2017-04-01,kamranahmedse/developer-roadmap,12195
2017-05-01,kamranahmedse/developer-roadmap,17145
2017-06-01,kamranahmedse/developer-roadmap,19974
2017-07-01,kamranahmedse/developer-roadmap,21324
2017-08-01,kamranahmedse/developer-roadmap,22231
2017-09-01,kamranahmedse/developer-roadmap,23254
2017-10-01,kamranahmedse/developer-roadmap,24203
2017-11-01,kamranahmedse/developer-roadmap,25021
2017-12-01,kamranahmedse/developer-roadmap,25686
2018-01-01,kamranahmedse/developer-roadmap,26217
2018-02-01,kamranahmedse/developer-roadmap,34644
2018-03-01,kamranahmedse/developer-roadmap,38952
2018-04-01,kamranahmedse/developer-roadmap,40959
2018-05-01,kamranahmedse/developer-roadmap,44122
2018-06-01,kamranahmedse/developer-roadmap,45746
2018-07-01,kamranahmedse/developer-roadmap,47317
2018-08-01,kamranahmedse/developer-roadmap,49345
2018-09-01,kamranahmedse/developer-roadmap,51247
2018-10-01,kamranahmedse/developer-roadmap,52808
2018-11-01,kamranahmedse/developer-roadmap,55599
2018-12-01,kamranahmedse/developer-roadmap,57145
2019-01-01,kamranahmedse/developer-roadmap,58721
2019-02-01,kamranahmedse/developer-roadmap,65484
2019-03-01,kamranahmedse/developer-roadmap,69098
2019-04-01,kamranahmedse/developer-roadmap,71564
2019-05-01,kamranahmedse/developer-roadmap,74312
2019-06-01,kamranahmedse/developer-roadmap,76079
2019-07-01,kamranahmedse/developer-roadmap,77649
2019-08-01,kamranahmedse/developer-roadmap,79337
2019-09-01,kamranahmedse/developer-roadmap,80986
2019-10-01,kamranahmedse/developer-roadmap,82346
2019-11-01,kamranahmedse/developer-roadmap,83556
2019-12-01,kamranahmedse/developer-roadmap,85015
2020-01-01,kamranahmedse/developer-roadmap,86413
2020-02-01,kamranahmedse/developer-roadmap,88593
2020-03-01,kamranahmedse/developer-roadmap,90380
2020-04-01,kamranahmedse/developer-roadmap,92289
2020-05-01,kamranahmedse/developer-roadmap,99580
2020-06-01,kamranahmedse/developer-roadmap,103417
2020-07-01,kamranahmedse/developer-roadmap,106079
2020-08-01,kamranahmedse/developer-roadmap,110430
2020-09-01,kamranahmedse/developer-roadmap,114958
2020-10-01,kamranahmedse/developer-roadmap,119659
2020-11-01,kamranahmedse/developer-roadmap,125148
2020-12-01,kamranahmedse/developer-roadmap,129370
2021-01-01,kamranahmedse/developer-roadmap,132942
2021-02-01,kamranahmedse/developer-roadmap,138401
2021-03-01,kamranahmedse/developer-roadmap,141452
2021-04-01,kamranahmedse/developer-roadmap,144304
2021-05-01,kamranahmedse/developer-roadmap,148777
2021-06-01,kamranahmedse/developer-roadmap,152473
2021-07-01,kamranahmedse/developer-roadmap,155516
2021-08-01,kamranahmedse/developer-roadmap,158398
2021-09-01,kamranahmedse/developer-roadmap,161139
2021-10-01,kamranahmedse/developer-roadmap,164335
2021-11-01,kamranahmedse/developer-roadmap,166751
2021-12-01,kamranahmedse/developer-roadmap,169195
2022-01-01,kamranahmedse/developer-roadmap,173731
2022-02-01,kamranahmedse/developer-roadmap,177022
2022-03-01,kamranahmedse/developer-roadmap,179418
2022-04-01,kamranahmedse/developer-roadmap,182601
2022-05-01,kamranahmedse/developer-roadmap,186117
2022-06-01,kamranahmedse/developer-roadmap,188559
2022-07-01,kamranahmedse/developer-roadmap,191307
2022-08-01,kamranahmedse/developer-roadmap,196743
2022-09-01,kamranahmedse/developer-roadmap,202000
2022-10-01,kamranahmedse/developer-roadmap,206387
2022-11-01,kamranahmedse/developer-roadmap,210034
2022-12-01,kamranahmedse/developer-roadmap,213279
2023-01-01,kamranahmedse/developer-roadmap,216605
2023-02-01,kamranahmedse/developer-roadmap,221003
2023-03-01,kamranahmedse/developer-roadmap,225212
2023-04-01,kamranahmedse/developer-roadmap,229105
2023-05-01,kamranahmedse/developer-roadmap,232439
2023-06-01,kamranahmedse/developer-roadmap,235290
2023-07-01,kamranahmedse/developer-roadmap,237809
2023-08-01,kamranahmedse/developer-roadmap,240603
2023-09-01,kamranahmedse/developer-roadmap,244670
2023-10-01,kamranahmedse/developer-roadmap,247280
2023-11-01,kamranahmedse/developer-roadmap,251658
2023-12-01,kamranahmedse/developer-roadmap,254778
2024-01-01,kamranahmedse/developer-roadmap,257736
2024-02-01,kamranahmedse/developer-roadmap,261298
2024-03-01,kamranahmedse/developer-roadmap,264157
2024-04-01,kamranahmedse/developer-roadmap,267583
2024-05-01,kamranahmedse/developer-roadmap,272616
2024-06-01,kamranahmedse/developer-roadmap,275800
2024-07-01,kamranahmedse/developer-roadmap,278488
2024-08-01,kamranahmedse/developer-roadmap,282590
2024-09-01,kamranahmedse/developer-roadmap,288120
2024-10-01,kamranahmedse/developer-roadmap,291947
2024-11-01,kamranahmedse/developer-roadmap,294663
2024-12-01,kamranahmedse/developer-roadmap,298526
2025-01-01,kamranahmedse/developer-roadmap,303276
2025-02-01,kamranahmedse/developer-roadmap,303823
2017-03-01,donnemartin/system-design-primer,0
2017-04-01,donnemartin/system-design-primer,12780
2017-05-01,donnemartin/system-design-primer,14706
2017-06-01,donnemartin/system-design-primer,15398
2017-07-01,donnemartin/system-design-primer,16009
2017-08-01,donnemartin/system-design-primer,16620
2017-09-01,donnemartin/system-design-primer,17185
2017-10-01,donnemartin/system-design-primer,17958
2017-11-01,donnemartin/system-design-primer,18638
2017-12-01,donnemartin/system-design-primer,19250
2018-01-01,donnemartin/system-design-primer,19744
2018-02-01,donnemartin/system-design-primer,20504
2018-03-01,donnemartin/system-design-primer,21465
2018-04-01,donnemartin/system-design-primer,22620
2018-05-01,donnemartin/system-design-primer,23440
2018-06-01,donnemartin/system-design-primer,24197
2018-07-01,donnemartin/system-design-primer,24829
2018-08-01,donnemartin/system-design-primer,35123
2018-09-01,donnemartin/system-design-primer,41441
2018-10-01,donnemartin/system-design-primer,45470
2018-11-01,donnemartin/system-design-primer,47149
2018-12-01,donnemartin/system-design-primer,48651
2019-01-01,donnemartin/system-design-primer,49940
2019-02-01,donnemartin/system-design-primer,51880
2019-03-01,donnemartin/system-design-primer,53622
2019-04-01,donnemartin/system-design-primer,56089
2019-05-01,donnemartin/system-design-primer,57780
2019-06-01,donnemartin/system-design-primer,59368
2019-07-01,donnemartin/system-design-primer,63479
2019-08-01,donnemartin/system-design-primer,65162
2019-09-01,donnemartin/system-design-primer,67199
2019-10-01,donnemartin/system-design-primer,69088
2019-11-01,donnemartin/system-design-primer,70691
2019-12-01,donnemartin/system-design-primer,72336
2020-01-01,donnemartin/system-design-primer,74307
2020-02-01,donnemartin/system-design-primer,76713
2020-03-01,donnemartin/system-design-primer,78854
2020-04-01,donnemartin/system-design-primer,80981
2020-05-01,donnemartin/system-design-primer,87336
2020-06-01,donnemartin/system-design-primer,92036
2020-07-01,donnemartin/system-design-primer,94555
2020-08-01,donnemartin/system-design-primer,97132
2020-09-01,donnemartin/system-design-primer,99510
2020-10-01,donnemartin/system-design-primer,102267
2020-11-01,donnemartin/system-design-primer,104697
2020-12-01,donnemartin/system-design-primer,107608
2021-01-01,donnemartin/system-design-primer,110641
2021-02-01,donnemartin/system-design-primer,113733
2021-03-01,donnemartin/system-design-primer,116280
2021-04-01,donnemartin/system-design-primer,118922
2021-05-01,donnemartin/system-design-primer,122633
2021-06-01,donnemartin/system-design-primer,126908
2021-07-01,donnemartin/system-design-primer,130516
2021-08-01,donnemartin/system-design-primer,133301
2021-09-01,donnemartin/system-design-primer,135957
2021-10-01,donnemartin/system-design-primer,138939
2021-11-01,donnemartin/system-design-primer,141379
2021-12-01,donnemartin/system-design-primer,145272
2022-01-01,donnemartin/system-design-primer,150236
2022-02-01,donnemartin/system-design-primer,154043
2022-03-01,donnemartin/system-design-primer,157960
2022-04-01,donnemartin/system-design-primer,162824
2022-05-01,donnemartin/system-design-primer,171512
2022-06-01,donnemartin/system-design-primer,175937
2022-07-01,donnemartin/system-design-primer,179228
2022-08-01,donnemartin/system-design-primer,184916
2022-09-01,donnemartin/system-design-primer,188780
2022-10-01,donnemartin/system-design-primer,192584
2022-11-01,donnemartin/system-design-primer,195793
2022-12-01,donnemartin/system-design-primer,198701
2023-01-01,donnemartin/system-design-primer,201212
2023-02-01,donnemartin/system-design-primer,204468
2023-03-01,donnemartin/system-design-primer,207199
2023-04-01,donnemartin/system-design-primer,210350
2023-05-01,donnemartin/system-design-primer,213764
2023-06-01,donnemartin/system-design-primer,216344
2023-07-01,donnemartin/system-design-primer,218435
2023-08-01,donnemartin/system-design-primer,221258
2023-09-01,donnemartin/system-design-primer,223672
2023-10-01,donnemartin/system-design-primer,226364
2023-11-01,donnemartin/system-design-primer,229696
2023-12-01,donnemartin/system-design-primer,232667
2024-01-01,donnemartin/system-design-primer,235228
2024-02-01,donnemartin/system-design-primer,241195
2024-03-01,donnemartin/system-design-primer,244431
2024-04-01,donnemartin/system-design-primer,246823
2024-05-01,donnemartin/system-design-primer,252297
2024-06-01,donnemartin/system-design-primer,256270
2024-07-01,donnemartin/system-design-primer,260311
2024-08-01,donnemartin/system-design-primer,264040
2024-09-01,donnemartin/system-design-primer,267044
2024-10-01,donnemartin/system-design-primer,270005
2024-11-01,donnemartin/system-design-primer,273038
2024-12-01,donnemartin/system-design-primer,277440
2025-01-01,donnemartin/system-design-primer,283766
2025-02-01,donnemartin/system-design-primer,284689
2019-04-01,996icu/996.ICU,116394
2019-05-01,996icu/996.ICU,220419
2019-06-01,996icu/996.ICU,226062
2019-07-01,996icu/996.ICU,227819
2019-08-01,996icu/996.ICU,229244
2019-09-01,996icu/996.ICU,230404
2019-10-01,996icu/996.ICU,231299
2019-11-01,996icu/996.ICU,232107
2019-12-01,996icu/996.ICU,233196
2020-01-01,996icu/996.ICU,234407
2020-02-01,996icu/996.ICU,235108
2020-03-01,996icu/996.ICU,235567
2020-04-01,996icu/996.ICU,236216
2020-05-01,996icu/996.ICU,236917
2020-06-01,996icu/996.ICU,237741
2020-07-01,996icu/996.ICU,238297
2020-08-01,996icu/996.ICU,239146
2020-09-01,996icu/996.ICU,240178
2020-10-01,996icu/996.ICU,241139
2020-11-01,996icu/996.ICU,241812
2020-12-01,996icu/996.ICU,242469
2021-01-01,996icu/996.ICU,243224
2021-02-01,996icu/996.ICU,245362
2021-03-01,996icu/996.ICU,245953
2021-04-01,996icu/996.ICU,246875
2021-05-01,996icu/996.ICU,247640
2021-06-01,996icu/996.ICU,248289
2021-07-01,996icu/996.ICU,248998
2021-08-01,996icu/996.ICU,249592
2021-09-01,996icu/996.ICU,250302
2021-10-01,996icu/996.ICU,250862
2021-11-01,996icu/996.ICU,251784
2021-12-01,996icu/996.ICU,252332
2022-01-01,996icu/996.ICU,252917
2022-02-01,996icu/996.ICU,253497
2022-03-01,996icu/996.ICU,254200
2022-04-01,996icu/996.ICU,254853
2022-05-01,996icu/996.ICU,255540
2022-06-01,996icu/996.ICU,256127
2022-07-01,996icu/996.ICU,256721
2022-08-01,996icu/996.ICU,257511
2022-09-01,996icu/996.ICU,258093
2022-10-01,996icu/996.ICU,258582
2022-11-01,996icu/996.ICU,259031
2022-12-01,996icu/996.ICU,259444
2023-01-01,996icu/996.ICU,259715
2023-02-01,996icu/996.ICU,260095
2023-03-01,996icu/996.ICU,260602
2023-04-01,996icu/996.ICU,261134
2023-05-01,996icu/996.ICU,261598
2023-06-01,996icu/996.ICU,262160
2023-07-01,996icu/996.ICU,264262
2023-08-01,996icu/996.ICU,264671
2023-09-01,996icu/996.ICU,265027
2023-10-01,996icu/996.ICU,265344
2023-11-01,996icu/996.ICU,265664
2023-12-01,996icu/996.ICU,265970
2024-01-01,996icu/996.ICU,266252
2024-02-01,996icu/996.ICU,266568
2024-03-01,996icu/996.ICU,266880
2024-04-01,996icu/996.ICU,267392
2024-05-01,996icu/996.ICU,267734
2024-06-01,996icu/996.ICU,268063
2024-07-01,996icu/996.ICU,268405
2024-08-01,996icu/996.ICU,268731
2024-09-01,996icu/996.ICU,269013
2024-10-01,996icu/996.ICU,269240
2024-11-01,996icu/996.ICU,269535
2024-12-01,996icu/996.ICU,269794
2025-01-01,996icu/996.ICU,270030
2025-02-01,996icu/996.ICU,270066
2013-06-01,facebook/react,939
2013-07-01,facebook/react,1387
2013-08-01,facebook/react,1520
2013-09-01,facebook/react,1686
2013-10-01,facebook/react,1834
2013-11-01,facebook/react,2022
2013-12-01,facebook/react,2260
2014-01-01,facebook/react,3070
2014-02-01,facebook/react,3859
2014-03-01,facebook/react,4270
2014-04-01,facebook/react,4668
2014-05-01,facebook/react,5120
2014-06-01,facebook/react,5950
2014-07-01,facebook/react,6327
2014-08-01,facebook/react,6978
2014-09-01,facebook/react,7468
2014-10-01,facebook/react,8045
2014-11-01,facebook/react,9013
2014-12-01,facebook/react,9941
2015-01-01,facebook/react,11000
2015-02-01,facebook/react,12481
2015-03-01,facebook/react,14786
2015-04-01,facebook/react,16766
2015-05-01,facebook/react,18432
2015-06-01,facebook/react,19784
2015-07-01,facebook/react,21007
2015-08-01,facebook/react,22355
2015-09-01,facebook/react,23573
2015-10-01,facebook/react,25029
2015-11-01,facebook/react,26603
2015-12-01,facebook/react,28106
2016-01-01,facebook/react,29617
2016-02-01,facebook/react,31217
2016-03-01,facebook/react,32588
2016-04-01,facebook/react,34533
2016-05-01,facebook/react,36307
2016-06-01,facebook/react,37737
2016-07-01,facebook/react,39184
2016-08-01,facebook/react,40975
2016-09-01,facebook/react,42643
2016-10-01,facebook/react,44873
2016-11-01,facebook/react,46849
2016-12-01,facebook/react,48723
2017-01-01,facebook/react,50427
2017-02-01,facebook/react,52224
2017-03-01,facebook/react,54100
2017-04-01,facebook/react,56401
2017-05-01,facebook/react,58455
2017-06-01,facebook/react,60515
2017-07-01,facebook/react,62588
2017-08-01,facebook/react,64942
2017-09-01,facebook/react,67044
2017-10-01,facebook/react,69512
2017-11-01,facebook/react,72144
2017-12-01,facebook/react,74491
2018-01-01,facebook/react,76572
2018-02-01,facebook/react,79117
2018-03-01,facebook/react,81109
2018-04-01,facebook/react,83848
2018-05-01,facebook/react,86261
2018-06-01,facebook/react,88617
2018-07-01,facebook/react,96221
2018-08-01,facebook/react,98742
2018-09-01,facebook/react,101138
2018-10-01,facebook/react,103333
2018-11-01,facebook/react,105469
2018-12-01,facebook/react,107739
2019-01-01,facebook/react,109797
2019-02-01,facebook/react,112207
2019-03-01,facebook/react,114353
2019-04-01,facebook/react,116848
2019-05-01,facebook/react,119140
2019-06-01,facebook/react,121247
2019-07-01,facebook/react,122948
2019-08-01,facebook/react,124758
2019-09-01,facebook/react,126495
2019-10-01,facebook/react,128186
2019-11-01,facebook/react,129927
2019-12-01,facebook/react,131507
2020-01-01,facebook/react,132973
2020-02-01,facebook/react,134470
2020-03-01,facebook/react,135921
2020-04-01,facebook/react,137533
2020-05-01,facebook/react,139366
2020-06-01,facebook/react,141275
2020-07-01,facebook/react,142977
2020-08-01,facebook/react,144957
2020-09-01,facebook/react,146867
2020-10-01,facebook/react,148580
2020-11-01,facebook/react,150301
2020-12-01,facebook/react,151859
2021-01-01,facebook/react,153518
2021-02-01,facebook/react,155105
2021-03-01,facebook/react,156544
2021-04-01,facebook/react,158425
2021-05-01,facebook/react,159980
2021-06-01,facebook/react,161479
2021-07-01,facebook/react,163075
2021-08-01,facebook/react,164687
2021-09-01,facebook/react,166418
2021-10-01,facebook/react,168083
2021-11-01,facebook/react,169642
2021-12-01,facebook/react,171111
2022-01-01,facebook/react,172800
2022-02-01,facebook/react,174659
2022-03-01,facebook/react,176232
2022-04-01,facebook/react,178968
2022-05-01,facebook/react,180857
2022-06-01,facebook/react,182644
2022-07-01,facebook/react,184620
2022-08-01,facebook/react,186466
2022-09-01,facebook/react,188288
2022-10-01,facebook/react,189819
2022-11-01,facebook/react,191489
2022-12-01,facebook/react,193033
2023-01-01,facebook/react,194494
2023-02-01,facebook/react,196169
2023-03-01,facebook/react,198085
2023-04-01,facebook/react,200194
2023-05-01,facebook/react,202021
2023-06-01,facebook/react,203908
2023-07-01,facebook/react,205512
2023-08-01,facebook/react,207066
2023-09-01,facebook/react,208579
2023-10-01,facebook/react,210040
2023-11-01,facebook/react,211329
2023-12-01,facebook/react,212586
2024-01-01,facebook/react,213752
2024-02-01,facebook/react,215284
2024-03-01,facebook/react,216830
2024-04-01,facebook/react,218519
2024-05-01,facebook/react,220012
2024-06-01,facebook/react,221881
2024-07-01,facebook/react,223138
2024-08-01,facebook/react,224440
2024-09-01,facebook/react,225724
2024-10-01,facebook/react,227024
2024-11-01,facebook/react,228272
2024-12-01,facebook/react,229493
2025-01-01,facebook/react,230907
2025-02-01,facebook/react,230912
2014-07-01,vinta/awesome-python,159
2014-08-01,vinta/awesome-python,4678
2014-09-01,vinta/awesome-python,5400
2014-10-01,vinta/awesome-python,5844
2014-11-01,vinta/awesome-python,6312
2014-12-01,vinta/awesome-python,6809
2015-01-01,vinta/awesome-python,7427
2015-02-01,vinta/awesome-python,8191
2015-03-01,vinta/awesome-python,8528
2015-04-01,vinta/awesome-python,9187
2015-05-01,vinta/awesome-python,9857
2015-06-01,vinta/awesome-python,10552
2015-07-01,vinta/awesome-python,11273
2015-08-01,vinta/awesome-python,11946
2015-09-01,vinta/awesome-python,12504
2015-10-01,vinta/awesome-python,13109
2015-11-01,vinta/awesome-python,13744
2015-12-01,vinta/awesome-python,14358
2016-01-01,vinta/awesome-python,15130
2016-02-01,vinta/awesome-python,15856
2016-03-01,vinta/awesome-python,16528
2016-04-01,vinta/awesome-python,17375
2016-05-01,vinta/awesome-python,18213
2016-06-01,vinta/awesome-python,18974
2016-07-01,vinta/awesome-python,19704
2016-08-01,vinta/awesome-python,20527
2016-09-01,vinta/awesome-python,21341
2016-10-01,vinta/awesome-python,22428
2016-11-01,vinta/awesome-python,23267
2016-12-01,vinta/awesome-python,24062
2017-01-01,vinta/awesome-python,24879
2017-02-01,vinta/awesome-python,26170
2017-03-01,vinta/awesome-python,27134
2017-04-01,vinta/awesome-python,28796
2017-05-01,vinta/awesome-python,30260
2017-06-01,vinta/awesome-python,31315
2017-07-01,vinta/awesome-python,32255
2017-08-01,vinta/awesome-python,33493
2017-09-01,vinta/awesome-python,34628
2017-10-01,vinta/awesome-python,35650
2017-11-01,vinta/awesome-python,36830
2017-12-01,vinta/awesome-python,38111
2018-01-01,vinta/awesome-python,39390
2018-02-01,vinta/awesome-python,40887
2018-03-01,vinta/awesome-python,42148
2018-04-01,vinta/awesome-python,43769
2018-05-01,vinta/awesome-python,45075
2018-06-01,vinta/awesome-python,46392
2018-07-01,vinta/awesome-python,47723
2018-08-01,vinta/awesome-python,48948
2018-09-01,vinta/awesome-python,50244
2018-10-01,vinta/awesome-python,51392
2018-11-01,vinta/awesome-python,52553
2018-12-01,vinta/awesome-python,53726
2019-01-01,vinta/awesome-python,54877
2019-02-01,vinta/awesome-python,56464
2019-03-01,vinta/awesome-python,58699
2019-04-01,vinta/awesome-python,60385
2019-05-01,vinta/awesome-python,61983
2019-06-01,vinta/awesome-python,63428
2019-07-01,vinta/awesome-python,64676
2019-08-01,vinta/awesome-python,65888
2019-09-01,vinta/awesome-python,67714
2019-10-01,vinta/awesome-python,68878
2019-11-01,vinta/awesome-python,70274
2019-12-01,vinta/awesome-python,71670
2020-01-01,vinta/awesome-python,72682
2020-02-01,vinta/awesome-python,74083
2020-03-01,vinta/awesome-python,75038
2020-04-01,vinta/awesome-python,76115
2020-05-01,vinta/awesome-python,77277
2020-06-01,vinta/awesome-python,78347
2020-07-01,vinta/awesome-python,79337
2020-08-01,vinta/awesome-python,80442
2020-09-01,vinta/awesome-python,81565
2020-10-01,vinta/awesome-python,82784
2020-11-01,vinta/awesome-python,83849
2020-12-01,vinta/awesome-python,85281
2021-01-01,vinta/awesome-python,87446
2021-02-01,vinta/awesome-python,88913
2021-03-01,vinta/awesome-python,90007
2021-04-01,vinta/awesome-python,90969
2021-05-01,vinta/awesome-python,92071
2021-06-01,vinta/awesome-python,94623
2021-07-01,vinta/awesome-python,95666
2021-08-01,vinta/awesome-python,97020
2021-09-01,vinta/awesome-python,97944
2021-10-01,vinta/awesome-python,98863
2021-11-01,vinta/awesome-python,101415
2021-12-01,vinta/awesome-python,104252
2022-01-01,vinta/awesome-python,107206
2022-02-01,vinta/awesome-python,110488
2022-03-01,vinta/awesome-python,113530
2022-04-01,vinta/awesome-python,117260
2022-05-01,vinta/awesome-python,121072
2022-06-01,vinta/awesome-python,124250
2022-07-01,vinta/awesome-python,127423
2022-08-01,vinta/awesome-python,131374
2022-09-01,vinta/awesome-python,135081
2022-10-01,vinta/awesome-python,138716
2022-11-01,vinta/awesome-python,141065
2022-12-01,vinta/awesome-python,143985
2023-01-01,vinta/awesome-python,147079
2023-02-01,vinta/awesome-python,150969
2023-03-01,vinta/awesome-python,154289
2023-04-01,vinta/awesome-python,157503
2023-05-01,vinta/awesome-python,162227
2023-06-01,vinta/awesome-python,165853
2023-07-01,vinta/awesome-python,168833
2023-08-01,vinta/awesome-python,171909
2023-09-01,vinta/awesome-python,175609
2023-10-01,vinta/awesome-python,178930
2023-11-01,vinta/awesome-python,182044
2023-12-01,vinta/awesome-python,185236
2024-01-01,vinta/awesome-python,189675
2024-02-01,vinta/awesome-python,193567
2024-03-01,vinta/awesome-python,196922
2024-04-01,vinta/awesome-python,200257
2024-05-01,vinta/awesome-python,203479
2024-06-01,vinta/awesome-python,206545
2024-07-01,vinta/awesome-python,209577
2024-08-01,vinta/awesome-python,212727
2024-09-01,vinta/awesome-python,216071
2024-10-01,vinta/awesome-python,219198
2024-11-01,vinta/awesome-python,222573
2024-12-01,vinta/awesome-python,225708
2025-01-01,vinta/awesome-python,229055
2025-02-01,vinta/awesome-python,229669
2013-08-01,vuejs/vue,0
2013-09-01,vuejs/vue,0
2013-10-01,vuejs/vue,0
2013-11-01,vuejs/vue,3
2013-12-01,vuejs/vue,5
2014-01-01,vuejs/vue,6
2014-02-01,vuejs/vue,18
2014-03-01,vuejs/vue,815
2014-04-01,vuejs/vue,1070
2014-05-01,vuejs/vue,1194
2014-06-01,vuejs/vue,1404
2014-07-01,vuejs/vue,1548
2014-08-01,vuejs/vue,1675
2014-09-01,vuejs/vue,1877
2014-10-01,vuejs/vue,2032
2014-11-01,vuejs/vue,2198
2014-12-01,vuejs/vue,2431
2015-01-01,vuejs/vue,2674
2015-02-01,vuejs/vue,2965
2015-03-01,vuejs/vue,3217
2015-04-01,vuejs/vue,3402
2015-05-01,vuejs/vue,3640
2015-06-01,vuejs/vue,4053
2015-07-01,vuejs/vue,4527
2015-08-01,vuejs/vue,5005
2015-09-01,vuejs/vue,5613
2015-10-01,vuejs/vue,6177
2015-11-01,vuejs/vue,7661
2015-12-01,vuejs/vue,8932
2016-01-01,vuejs/vue,10284
2016-02-01,vuejs/vue,11665
2016-03-01,vuejs/vue,12504
2016-04-01,vuejs/vue,13669
2016-05-01,vuejs/vue,15439
2016-06-01,vuejs/vue,17236
2016-07-01,vuejs/vue,18728
2016-08-01,vuejs/vue,20523
2016-09-01,vuejs/vue,22498
2016-10-01,vuejs/vue,24937
2016-11-01,vuejs/vue,28163
2016-12-01,vuejs/vue,30975
2017-01-01,vuejs/vue,33574
2017-02-01,vuejs/vue,36275
2017-03-01,vuejs/vue,39410
2017-04-01,vuejs/vue,42938
2017-05-01,vuejs/vue,45778
2017-06-01,vuejs/vue,48680
2017-07-01,vuejs/vue,51533
2017-08-01,vuejs/vue,54784
2017-09-01,vuejs/vue,57866
2017-10-01,vuejs/vue,61193
2017-11-01,vuejs/vue,64370
2017-12-01,vuejs/vue,67237
2018-01-01,vuejs/vue,69901
2018-02-01,vuejs/vue,73564
2018-03-01,vuejs/vue,76271
2018-04-01,vuejs/vue,79995
2018-05-01,vuejs/vue,83408
2018-06-01,vuejs/vue,86615
2018-07-01,vuejs/vue,95904
2018-08-01,vuejs/vue,99382
2018-09-01,vuejs/vue,102617
2018-10-01,vuejs/vue,105280
2018-11-01,vuejs/vue,107742
2018-12-01,vuejs/vue,110633
2019-01-01,vuejs/vue,113425
2019-02-01,vuejs/vue,116543
2019-03-01,vuejs/vue,118950
2019-04-01,vuejs/vue,123364
2019-05-01,vuejs/vue,126782
2019-06-01,vuejs/vue,129594
2019-07-01,vuejs/vue,132087
2019-08-01,vuejs/vue,134574
2019-09-01,vuejs/vue,136822
2019-10-01,vuejs/vue,138661
2019-11-01,vuejs/vue,140955
2019-12-01,vuejs/vue,142877
2020-01-01,vuejs/vue,144777
2020-02-01,vuejs/vue,146260
2020-03-01,vuejs/vue,148120
2020-04-01,vuejs/vue,150523
2020-05-01,vuejs/vue,153142
2020-06-01,vuejs/vue,155212
2020-07-01,vuejs/vue,157219
2020-08-01,vuejs/vue,159412
2020-09-01,vuejs/vue,161434
2020-10-01,vuejs/vue,163614
2020-11-01,vuejs/vue,165120
2020-12-01,vuejs/vue,166613
2021-01-01,vuejs/vue,168175
2021-02-01,vuejs/vue,169694
2021-03-01,vuejs/vue,170917
2021-04-01,vuejs/vue,172348
2021-05-01,vuejs/vue,173922
2021-06-01,vuejs/vue,175240
2021-07-01,vuejs/vue,176468
2021-08-01,vuejs/vue,177823
2021-09-01,vuejs/vue,179160
2021-10-01,vuejs/vue,180489
2021-11-01,vuejs/vue,181666
2021-12-01,vuejs/vue,182828
2022-01-01,vuejs/vue,184015
2022-02-01,vuejs/vue,185165
2022-03-01,vuejs/vue,186094
2022-04-01,vuejs/vue,187478
2022-05-01,vuejs/vue,188508
2022-06-01,vuejs/vue,189646
2022-07-01,vuejs/vue,190835
2022-08-01,vuejs/vue,192081
2022-09-01,vuejs/vue,193043
2022-10-01,vuejs/vue,193947
2022-11-01,vuejs/vue,194850
2022-12-01,vuejs/vue,195622
2023-01-01,vuejs/vue,196317
2023-02-01,vuejs/vue,197108
2023-03-01,vuejs/vue,197803
2023-04-01,vuejs/vue,198534
2023-05-01,vuejs/vue,199173
2023-06-01,vuejs/vue,199866
2023-07-01,vuejs/vue,200461
2023-08-01,vuejs/vue,201009
2023-09-01,vuejs/vue,201712
2023-10-01,vuejs/vue,202236
2023-11-01,vuejs/vue,202697
2023-12-01,vuejs/vue,203177
2024-01-01,vuejs/vue,203678
2024-02-01,vuejs/vue,204176
2024-03-01,vuejs/vue,204556
2024-04-01,vuejs/vue,205051
2024-05-01,vuejs/vue,205495
2024-06-01,vuejs/vue,205896
2024-07-01,vuejs/vue,206204
2024-08-01,vuejs/vue,206567
2024-09-01,vuejs/vue,206927
2024-10-01,vuejs/vue,207233
2024-11-01,vuejs/vue,207577
2024-12-01,vuejs/vue,207903
2025-01-01,vuejs/vue,208223
2025-02-01,vuejs/vue,208223
2016-08-01,TheAlgorithms/Python,109
2016-09-01,TheAlgorithms/Python,281
2016-10-01,TheAlgorithms/Python,350
2016-11-01,TheAlgorithms/Python,414
2016-12-01,TheAlgorithms/Python,483
2017-01-01,TheAlgorithms/Python,550
2017-02-01,TheAlgorithms/Python,611
2017-03-01,TheAlgorithms/Python,666
2017-04-01,TheAlgorithms/Python,786
2017-05-01,TheAlgorithms/Python,866
2017-06-01,TheAlgorithms/Python,968
2017-07-01,TheAlgorithms/Python,1084
2017-08-01,TheAlgorithms/Python,1204
2017-09-01,TheAlgorithms/Python,1375
2017-10-01,TheAlgorithms/Python,1585
2017-11-01,TheAlgorithms/Python,2112
2017-12-01,TheAlgorithms/Python,2419
2018-01-01,TheAlgorithms/Python,2698
2018-02-01,TheAlgorithms/Python,3022
2018-03-01,TheAlgorithms/Python,3297
2018-04-01,TheAlgorithms/Python,3700
2018-05-01,TheAlgorithms/Python,4005
2018-06-01,TheAlgorithms/Python,4326
2018-07-01,TheAlgorithms/Python,4646
2018-08-01,TheAlgorithms/Python,5164
2018-09-01,TheAlgorithms/Python,5543
2018-10-01,TheAlgorithms/Python,10404
2018-11-01,TheAlgorithms/Python,14481
2018-12-01,TheAlgorithms/Python,16482
2019-01-01,TheAlgorithms/Python,17555
2019-02-01,TheAlgorithms/Python,18722
2019-03-01,TheAlgorithms/Python,19990
2019-04-01,TheAlgorithms/Python,21392
2019-05-01,TheAlgorithms/Python,29572
2019-06-01,TheAlgorithms/Python,39657
2019-07-01,TheAlgorithms/Python,43325
2019-08-01,TheAlgorithms/Python,47364
2019-09-01,TheAlgorithms/Python,49004
2019-10-01,TheAlgorithms/Python,52782
2019-11-01,TheAlgorithms/Python,55358
2019-12-01,TheAlgorithms/Python,57660
2020-01-01,TheAlgorithms/Python,59535
2020-02-01,TheAlgorithms/Python,60685
2020-03-01,TheAlgorithms/Python,62042
2020-04-01,TheAlgorithms/Python,63478
2020-05-01,TheAlgorithms/Python,64999
2020-06-01,TheAlgorithms/Python,69467
2020-07-01,TheAlgorithms/Python,71882
2020-08-01,TheAlgorithms/Python,74456
2020-09-01,TheAlgorithms/Python,77273
2020-10-01,TheAlgorithms/Python,80101
2020-11-01,TheAlgorithms/Python,84337
2020-12-01,TheAlgorithms/Python,87564
2021-01-01,TheAlgorithms/Python,90039
2021-02-01,TheAlgorithms/Python,91426
2021-03-01,TheAlgorithms/Python,93891
2021-04-01,TheAlgorithms/Python,95164
2021-05-01,TheAlgorithms/Python,98815
2021-06-01,TheAlgorithms/Python,102024
2021-07-01,TheAlgorithms/Python,104437
2021-08-01,TheAlgorithms/Python,107036
2021-09-01,TheAlgorithms/Python,109347
2021-10-01,TheAlgorithms/Python,112379
2021-11-01,TheAlgorithms/Python,115510
2021-12-01,TheAlgorithms/Python,118147
2022-01-01,TheAlgorithms/Python,119785
2022-02-01,TheAlgorithms/Python,122390
2022-03-01,TheAlgorithms/Python,124026
2022-04-01,TheAlgorithms/Python,127829
2022-05-01,TheAlgorithms/Python,129483
2022-06-01,TheAlgorithms/Python,130962
2022-07-01,TheAlgorithms/Python,133860
2022-08-01,TheAlgorithms/Python,135576
2022-09-01,TheAlgorithms/Python,137555
2022-10-01,TheAlgorithms/Python,140535
2022-11-01,TheAlgorithms/Python,142666
2022-12-01,TheAlgorithms/Python,144540
2023-01-01,TheAlgorithms/Python,145816
2023-02-01,TheAlgorithms/Python,147159
2023-03-01,TheAlgorithms/Python,149788
2023-04-01,TheAlgorithms/Python,151883
2023-05-01,TheAlgorithms/Python,153870
2023-06-01,TheAlgorithms/Python,155365
2023-07-01,TheAlgorithms/Python,156710
2023-08-01,TheAlgorithms/Python,158050
2023-09-01,TheAlgorithms/Python,163965
2023-10-01,TheAlgorithms/Python,166918
2023-11-01,TheAlgorithms/Python,169006
2023-12-01,TheAlgorithms/Python,170529
2024-01-01,TheAlgorithms/Python,171586
2024-02-01,TheAlgorithms/Python,172778
2024-03-01,TheAlgorithms/Python,173834
2024-04-01,TheAlgorithms/Python,175061
2024-05-01,TheAlgorithms/Python,177812
2024-06-01,TheAlgorithms/Python,179250
2024-07-01,TheAlgorithms/Python,180280
2024-08-01,TheAlgorithms/Python,181371
2024-09-01,TheAlgorithms/Python,182718
2024-10-01,TheAlgorithms/Python,183820
2024-11-01,TheAlgorithms/Python,193191
2024-12-01,TheAlgorithms/Python,194448
2025-01-01,TheAlgorithms/Python,196002
2025-02-01,TheAlgorithms/Python,196199
2018-04-01,trekhleb/javascript-algorithms,0
2018-05-01,trekhleb/javascript-algorithms,0
2018-06-01,trekhleb/javascript-algorithms,15188
2018-07-01,trekhleb/javascript-algorithms,22674
2018-08-01,trekhleb/javascript-algorithms,28167
2018-09-01,trekhleb/javascript-algorithms,32416
2018-10-01,trekhleb/javascript-algorithms,34149
2018-11-01,trekhleb/javascript-algorithms,35080
2018-12-01,trekhleb/javascript-algorithms,36088
2019-01-01,trekhleb/javascript-algorithms,37914
2019-02-01,trekhleb/javascript-algorithms,39948
2019-03-01,trekhleb/javascript-algorithms,41596
2019-04-01,trekhleb/javascript-algorithms,43063
2019-05-01,trekhleb/javascript-algorithms,44459
2019-06-01,trekhleb/javascript-algorithms,45439
2019-07-01,trekhleb/javascript-algorithms,46419
2019-08-01,trekhleb/javascript-algorithms,47957
2019-09-01,trekhleb/javascript-algorithms,49161
2019-10-01,trekhleb/javascript-algorithms,50421
2019-11-01,trekhleb/javascript-algorithms,51631
2019-12-01,trekhleb/javascript-algorithms,52517
2020-01-01,trekhleb/javascript-algorithms,55141
2020-02-01,trekhleb/javascript-algorithms,57021
2020-03-01,trekhleb/javascript-algorithms,58270
2020-04-01,trekhleb/javascript-algorithms,60400
2020-05-01,trekhleb/javascript-algorithms,64649
2020-06-01,trekhleb/javascript-algorithms,67503
2020-07-01,trekhleb/javascript-algorithms,69101
2020-08-01,trekhleb/javascript-algorithms,71363
2020-09-01,trekhleb/javascript-algorithms,74768
2020-10-01,trekhleb/javascript-algorithms,76696
2020-11-01,trekhleb/javascript-algorithms,78538
2020-12-01,trekhleb/javascript-algorithms,81659
2021-01-01,trekhleb/javascript-algorithms,85768
2021-02-01,trekhleb/javascript-algorithms,88677
2021-03-01,trekhleb/javascript-algorithms,92176
2021-04-01,trekhleb/javascript-algorithms,96114
2021-05-01,trekhleb/javascript-algorithms,99663
2021-06-01,trekhleb/javascript-algorithms,102209
2021-07-01,trekhleb/javascript-algorithms,105787
2021-08-01,trekhleb/javascript-algorithms,109046
2021-09-01,trekhleb/javascript-algorithms,111832
2021-10-01,trekhleb/javascript-algorithms,114444
2021-11-01,trekhleb/javascript-algorithms,119267
2021-12-01,trekhleb/javascript-algorithms,121130
2022-01-01,trekhleb/javascript-algorithms,125053
2022-02-01,trekhleb/javascript-algorithms,127825
2022-03-01,trekhleb/javascript-algorithms,130263
2022-04-01,trekhleb/javascript-algorithms,132314
2022-05-01,trekhleb/javascript-algorithms,134501
2022-06-01,trekhleb/javascript-algorithms,137300
2022-07-01,trekhleb/javascript-algorithms,139264
2022-08-01,trekhleb/javascript-algorithms,141607
2022-09-01,trekhleb/javascript-algorithms,144846
2022-10-01,trekhleb/javascript-algorithms,147045
2022-11-01,trekhleb/javascript-algorithms,148811
2022-12-01,trekhleb/javascript-algorithms,151153
2023-01-01,trekhleb/javascript-algorithms,153351
2023-02-01,trekhleb/javascript-algorithms,157476
2023-03-01,trekhleb/javascript-algorithms,159501
2023-04-01,trekhleb/javascript-algorithms,161557
2023-05-01,trekhleb/javascript-algorithms,165216
2023-06-01,trekhleb/javascript-algorithms,166844
2023-07-01,trekhleb/javascript-algorithms,168140
2023-08-01,trekhleb/javascript-algorithms,169495
2023-09-01,trekhleb/javascript-algorithms,171397
2023-10-01,trekhleb/javascript-algorithms,172947
2023-11-01,trekhleb/javascript-algorithms,173856
2023-12-01,trekhleb/javascript-algorithms,174909
2024-01-01,trekhleb/javascript-algorithms,176312
2024-02-01,trekhleb/javascript-algorithms,177341
2024-03-01,trekhleb/javascript-algorithms,178407
2024-04-01,trekhleb/javascript-algorithms,179356
2024-05-01,trekhleb/javascript-algorithms,181168
2024-06-01,trekhleb/javascript-algorithms,182682
2024-07-01,trekhleb/javascript-algorithms,183709
2024-08-01,trekhleb/javascript-algorithms,184653
2024-09-01,trekhleb/javascript-algorithms,185693
2024-10-01,trekhleb/javascript-algorithms,186938
2024-11-01,trekhleb/javascript-algorithms,187784
2024-12-01,trekhleb/javascript-algorithms,188476
2025-01-01,trekhleb/javascript-algorithms,189111
2025-02-01,trekhleb/javascript-algorithms,189217
2015-12-01,tensorflow/tensorflow,11886
2016-01-01,tensorflow/tensorflow,13462
2016-02-01,tensorflow/tensorflow,15251
2016-03-01,tensorflow/tensorflow,16456
2016-04-01,tensorflow/tensorflow,17885
2016-05-01,tensorflow/tensorflow,19774
2016-06-01,tensorflow/tensorflow,22045
2016-07-01,tensorflow/tensorflow,23863
2016-08-01,tensorflow/tensorflow,25481
2016-09-01,tensorflow/tensorflow,27154
2016-10-01,tensorflow/tensorflow,29091
2016-11-01,tensorflow/tensorflow,31529
2016-12-01,tensorflow/tensorflow,33831
2017-01-01,tensorflow/tensorflow,36554
2017-02-01,tensorflow/tensorflow,39151
2017-03-01,tensorflow/tensorflow,42957
2017-04-01,tensorflow/tensorflow,46533
2017-05-01,tensorflow/tensorflow,49257
2017-06-01,tensorflow/tensorflow,52368
2017-07-01,tensorflow/tensorflow,55209
2017-08-01,tensorflow/tensorflow,57978
2017-09-01,tensorflow/tensorflow,60846
2017-10-01,tensorflow/tensorflow,63530
2017-11-01,tensorflow/tensorflow,67034
2017-12-01,tensorflow/tensorflow,71316
2018-01-01,tensorflow/tensorflow,75158
2018-02-01,tensorflow/tensorflow,78559
2018-03-01,tensorflow/tensorflow,81341
2018-04-01,tensorflow/tensorflow,85015
2018-05-01,tensorflow/tensorflow,88260
2018-06-01,tensorflow/tensorflow,91465
2018-07-01,tensorflow/tensorflow,93932
2018-08-01,tensorflow/tensorflow,96314
2018-09-01,tensorflow/tensorflow,98437
2018-10-01,tensorflow/tensorflow,100733
2018-11-01,tensorflow/tensorflow,103115
2018-12-01,tensorflow/tensorflow,105398
2019-01-01,tensorflow/tensorflow,107432
2019-02-01,tensorflow/tensorflow,109578
2019-03-01,tensorflow/tensorflow,111335
2019-04-01,tensorflow/tensorflow,114149
2019-05-01,tensorflow/tensorflow,116443
2019-06-01,tensorflow/tensorflow,118552
2019-07-01,tensorflow/tensorflow,120128
2019-08-01,tensorflow/tensorflow,121939
2019-09-01,tensorflow/tensorflow,123481
2019-10-01,tensorflow/tensorflow,125218
2019-11-01,tensorflow/tensorflow,126859
2019-12-01,tensorflow/tensorflow,128529
2020-01-01,tensorflow/tensorflow,129864
2020-02-01,tensorflow/tensorflow,130957
2020-03-01,tensorflow/tensorflow,131988
2020-04-01,tensorflow/tensorflow,133295
2020-05-01,tensorflow/tensorflow,134627
2020-06-01,tensorflow/tensorflow,136003
2020-07-01,tensorflow/tensorflow,137173
2020-08-01,tensorflow/tensorflow,138373
2020-09-01,tensorflow/tensorflow,139440
2020-10-01,tensorflow/tensorflow,140461
2020-11-01,tensorflow/tensorflow,141443
2020-12-01,tensorflow/tensorflow,142744
2021-01-01,tensorflow/tensorflow,143925
2021-02-01,tensorflow/tensorflow,144903
2021-03-01,tensorflow/tensorflow,145735
2021-04-01,tensorflow/tensorflow,146756
2021-05-01,tensorflow/tensorflow,147877
2021-06-01,tensorflow/tensorflow,148767
2021-07-01,tensorflow/tensorflow,149738
2021-08-01,tensorflow/tensorflow,150647
2021-09-01,tensorflow/tensorflow,151666
2021-10-01,tensorflow/tensorflow,152454
2021-11-01,tensorflow/tensorflow,153356
2021-12-01,tensorflow/tensorflow,154175
2022-01-01,tensorflow/tensorflow,154992
2022-02-01,tensorflow/tensorflow,156159
2022-03-01,tensorflow/tensorflow,156923
2022-04-01,tensorflow/tensorflow,157873
2022-05-01,tensorflow/tensorflow,158677
2022-06-01,tensorflow/tensorflow,159629
2022-07-01,tensorflow/tensorflow,160499
2022-08-01,tensorflow/tensorflow,161353
2022-09-01,tensorflow/tensorflow,162197
2022-10-01,tensorflow/tensorflow,162956
2022-11-01,tensorflow/tensorflow,163752
2022-12-01,tensorflow/tensorflow,164534
2023-01-01,tensorflow/tensorflow,165256
2023-02-01,tensorflow/tensorflow,166123
2023-03-01,tensorflow/tensorflow,167164
2023-04-01,tensorflow/tensorflow,168324
2023-05-01,tensorflow/tensorflow,169743
2023-06-01,tensorflow/tensorflow,171152
2023-07-01,tensorflow/tensorflow,171992
2023-08-01,tensorflow/tensorflow,172941
2023-09-01,tensorflow/tensorflow,173845
2023-10-01,tensorflow/tensorflow,174661
2023-11-01,tensorflow/tensorflow,175539
2023-12-01,tensorflow/tensorflow,176354
2024-01-01,tensorflow/tensorflow,177156
2024-02-01,tensorflow/tensorflow,177891
2024-03-01,tensorflow/tensorflow,178834
2024-04-01,tensorflow/tensorflow,179711
2024-05-01,tensorflow/tensorflow,180774
2024-06-01,tensorflow/tensorflow,181555
2024-07-01,tensorflow/tensorflow,182408
2024-08-01,tensorflow/tensorflow,183156
2024-09-01,tensorflow/tensorflow,184161
2024-10-01,tensorflow/tensorflow,184931
2024-11-01,tensorflow/tensorflow,185701
2024-12-01,tensorflow/tensorflow,186374
2025-01-01,tensorflow/tensorflow,187000
2025-02-01,tensorflow/tensorflow,187126
2011-10-01,torvalds/linux,4023
2011-11-01,torvalds/linux,4172
2011-12-01,torvalds/linux,4358
2012-01-01,torvalds/linux,4509
2012-02-01,torvalds/linux,4661
2012-03-01,torvalds/linux,4815
2012-04-01,torvalds/linux,4990
2012-05-01,torvalds/linux,5133
2012-06-01,torvalds/linux,5279
2012-07-01,torvalds/linux,5413
2012-08-01,torvalds/linux,5581
2012-09-01,torvalds/linux,5666
2012-10-01,torvalds/linux,5729
2012-11-01,torvalds/linux,5787
2012-12-01,torvalds/linux,5841
2013-01-01,torvalds/linux,5877
2013-02-01,torvalds/linux,5926
2013-03-01,torvalds/linux,6109
2013-04-01,torvalds/linux,6489
2013-05-01,torvalds/linux,6826
2013-06-01,torvalds/linux,7162
2013-07-01,torvalds/linux,7448
2013-08-01,torvalds/linux,7862
2013-09-01,torvalds/linux,8229
2013-10-01,torvalds/linux,8536
2013-11-01,torvalds/linux,8878
2013-12-01,torvalds/linux,9255
2014-01-01,torvalds/linux,9667
2014-02-01,torvalds/linux,10058
2014-03-01,torvalds/linux,10487
2014-04-01,torvalds/linux,10876
2014-05-01,torvalds/linux,11257
2014-06-01,torvalds/linux,11639
2014-07-01,torvalds/linux,12013
2014-08-01,torvalds/linux,12434
2014-09-01,torvalds/linux,12895
2014-10-01,torvalds/linux,13384
2014-11-01,torvalds/linux,14201
2014-12-01,torvalds/linux,14868
2015-01-01,torvalds/linux,15532
2015-02-01,torvalds/linux,16330
2015-03-01,torvalds/linux,16932
2015-04-01,torvalds/linux,17840
2015-05-01,torvalds/linux,18919
2015-06-01,torvalds/linux,19601
2015-07-01,torvalds/linux,20283
2015-08-01,torvalds/linux,21022
2015-09-01,torvalds/linux,21682
2015-10-01,torvalds/linux,22539
2015-11-01,torvalds/linux,23362
2015-12-01,torvalds/linux,24176
2016-01-01,torvalds/linux,24880
2016-02-01,torvalds/linux,25624
2016-03-01,torvalds/linux,26344
2016-04-01,torvalds/linux,27131
2016-05-01,torvalds/linux,28006
2016-06-01,torvalds/linux,28887
2016-07-01,torvalds/linux,29626
2016-08-01,torvalds/linux,30453
2016-09-01,torvalds/linux,31675
2016-10-01,torvalds/linux,32988
2016-11-01,torvalds/linux,34142
2016-12-01,torvalds/linux,35137
2017-01-01,torvalds/linux,36053
2017-02-01,torvalds/linux,36882
2017-03-01,torvalds/linux,37744
2017-04-01,torvalds/linux,38915
2017-05-01,torvalds/linux,39932
2017-06-01,torvalds/linux,40875
2017-07-01,torvalds/linux,41732
2017-08-01,torvalds/linux,42721
2017-09-01,torvalds/linux,43682
2017-10-01,torvalds/linux,45073
2017-11-01,torvalds/linux,46369
2017-12-01,torvalds/linux,47444
2018-01-01,torvalds/linux,48429
2018-02-01,torvalds/linux,49754
2018-03-01,torvalds/linux,50669
2018-04-01,torvalds/linux,51886
2018-05-01,torvalds/linux,53015
2018-06-01,torvalds/linux,54067
2018-07-01,torvalds/linux,55263
2018-08-01,torvalds/linux,56296
2018-09-01,torvalds/linux,57469
2018-10-01,torvalds/linux,59027
2018-11-01,torvalds/linux,60187
2018-12-01,torvalds/linux,61347
2019-01-01,torvalds/linux,62429
2019-02-01,torvalds/linux,63778
2019-03-01,torvalds/linux,64910
2019-04-01,torvalds/linux,66787
2019-05-01,torvalds/linux,69011
2019-06-01,torvalds/linux,70464
2019-07-01,torvalds/linux,71607
2019-08-01,torvalds/linux,73089
2019-09-01,torvalds/linux,74431
2019-10-01,torvalds/linux,75636
2019-11-01,torvalds/linux,76831
2019-12-01,torvalds/linux,78210
2020-01-01,torvalds/linux,79418
2020-02-01,torvalds/linux,80720
2020-03-01,torvalds/linux,81941
2020-04-01,torvalds/linux,83535
2020-05-01,torvalds/linux,85005
2020-06-01,torvalds/linux,86434
2020-07-01,torvalds/linux,87939
2020-08-01,torvalds/linux,89881
2020-09-01,torvalds/linux,91449
2020-10-01,torvalds/linux,93135
2020-11-01,torvalds/linux,94775
2020-12-01,torvalds/linux,96150
2021-01-01,torvalds/linux,97696
2021-02-01,torvalds/linux,99229
2021-03-01,torvalds/linux,100487
2021-04-01,torvalds/linux,102829
2021-05-01,torvalds/linux,105143
2021-06-01,torvalds/linux,107199
2021-07-01,torvalds/linux,108748
2021-08-01,torvalds/linux,110331
2021-09-01,torvalds/linux,111875
2021-10-01,torvalds/linux,113558
2021-11-01,torvalds/linux,115100
2021-12-01,torvalds/linux,116723
2022-01-01,torvalds/linux,118258
2022-02-01,torvalds/linux,121123
2022-03-01,torvalds/linux,122704
2022-04-01,torvalds/linux,124634
2022-05-01,torvalds/linux,126222
2022-06-01,torvalds/linux,127780
2022-07-01,torvalds/linux,129383
2022-08-01,torvalds/linux,131061
2022-09-01,torvalds/linux,132753
2022-10-01,torvalds/linux,134433
2022-11-01,torvalds/linux,136327
2022-12-01,torvalds/linux,137847
2023-01-01,torvalds/linux,139661
2023-02-01,torvalds/linux,141517
2023-03-01,torvalds/linux,143191
2023-04-01,torvalds/linux,145137
2023-05-01,torvalds/linux,146888
2023-06-01,torvalds/linux,148954
2023-07-01,torvalds/linux,150470
2023-08-01,torvalds/linux,151957
2023-09-01,torvalds/linux,153592
2023-10-01,torvalds/linux,155305
2023-11-01,torvalds/linux,157116
2023-12-01,torvalds/linux,159009
2024-01-01,torvalds/linux,160638
2024-02-01,torvalds/linux,162579
2024-03-01,torvalds/linux,164496
2024-04-01,torvalds/linux,166628
2024-05-01,torvalds/linux,168725
2024-06-01,torvalds/linux,170710
2024-07-01,torvalds/linux,172434
2024-08-01,torvalds/linux,174290
2024-09-01,torvalds/linux,176333
2024-10-01,torvalds/linux,178574
2024-11-01,torvalds/linux,180994
2024-12-01,torvalds/linux,183142
2025-01-01,torvalds/linux,185062
2025-02-01,torvalds/linux,185420
2013-12-01,getify/You-Dont-Know-JS,1723
2014-01-01,getify/You-Dont-Know-JS,2295
2014-02-01,getify/You-Dont-Know-JS,2368
2014-03-01,getify/You-Dont-Know-JS,3022
2014-04-01,getify/You-Dont-Know-JS,3221
2014-05-01,getify/You-Dont-Know-JS,3483
2014-06-01,getify/You-Dont-Know-JS,3659
2014-07-01,getify/You-Dont-Know-JS,3931
2014-08-01,getify/You-Dont-Know-JS,4175
2014-09-01,getify/You-Dont-Know-JS,4373
2014-10-01,getify/You-Dont-Know-JS,4554
2014-11-01,getify/You-Dont-Know-JS,7154
2014-12-01,getify/You-Dont-Know-JS,7710
2015-01-01,getify/You-Dont-Know-JS,8119
2015-02-01,getify/You-Dont-Know-JS,8813
2015-03-01,getify/You-Dont-Know-JS,11201
2015-04-01,getify/You-Dont-Know-JS,11919
2015-05-01,getify/You-Dont-Know-JS,12977
2015-06-01,getify/You-Dont-Know-JS,13836
2015-07-01,getify/You-Dont-Know-JS,15131
2015-08-01,getify/You-Dont-Know-JS,15973
2015-09-01,getify/You-Dont-Know-JS,16916
2015-10-01,getify/You-Dont-Know-JS,18599
2015-11-01,getify/You-Dont-Know-JS,19793
2015-12-01,getify/You-Dont-Know-JS,20792
2016-01-01,getify/You-Dont-Know-JS,22090
2016-02-01,getify/You-Dont-Know-JS,23327
2016-03-01,getify/You-Dont-Know-JS,24488
2016-04-01,getify/You-Dont-Know-JS,25756
2016-05-01,getify/You-Dont-Know-JS,27056
2016-06-01,getify/You-Dont-Know-JS,28408
2016-07-01,getify/You-Dont-Know-JS,32207
2016-08-01,getify/You-Dont-Know-JS,34469
2016-09-01,getify/You-Dont-Know-JS,36407
2016-10-01,getify/You-Dont-Know-JS,38450
2016-11-01,getify/You-Dont-Know-JS,40013
2016-12-01,getify/You-Dont-Know-JS,41795
2017-01-01,getify/You-Dont-Know-JS,43574
2017-02-01,getify/You-Dont-Know-JS,45865
2017-03-01,getify/You-Dont-Know-JS,47598
2017-04-01,getify/You-Dont-Know-JS,50334
2017-05-01,getify/You-Dont-Know-JS,52705
2017-06-01,getify/You-Dont-Know-JS,54968
2017-07-01,getify/You-Dont-Know-JS,57140
2017-08-01,getify/You-Dont-Know-JS,59177
2017-09-01,getify/You-Dont-Know-JS,61086
2017-10-01,getify/You-Dont-Know-JS,62681
2017-11-01,getify/You-Dont-Know-JS,64103
2017-12-01,getify/You-Dont-Know-JS,65694
2018-01-01,getify/You-Dont-Know-JS,67214
2018-02-01,getify/You-Dont-Know-JS,69253
2018-03-01,getify/You-Dont-Know-JS,70967
2018-04-01,getify/You-Dont-Know-JS,72876
2018-05-01,getify/You-Dont-Know-JS,75150
2018-06-01,getify/You-Dont-Know-JS,76862
2018-07-01,getify/You-Dont-Know-JS,78390
2018-08-01,getify/You-Dont-Know-JS,79901
2018-09-01,getify/You-Dont-Know-JS,81701
2018-10-01,getify/You-Dont-Know-JS,83342
2018-11-01,getify/You-Dont-Know-JS,84907
2018-12-01,getify/You-Dont-Know-JS,86472
2019-01-01,getify/You-Dont-Know-JS,87915
2019-02-01,getify/You-Dont-Know-JS,89759
2019-03-01,getify/You-Dont-Know-JS,91227
2019-04-01,getify/You-Dont-Know-JS,93180
2019-05-01,getify/You-Dont-Know-JS,95016
2019-06-01,getify/You-Dont-Know-JS,96611
2019-07-01,getify/You-Dont-Know-JS,98211
2019-08-01,getify/You-Dont-Know-JS,99913
2019-09-01,getify/You-Dont-Know-JS,101651
2019-10-01,getify/You-Dont-Know-JS,102998
2019-11-01,getify/You-Dont-Know-JS,104680
2019-12-01,getify/You-Dont-Know-JS,106384
2020-01-01,getify/You-Dont-Know-JS,108046
2020-02-01,getify/You-Dont-Know-JS,109957
2020-03-01,getify/You-Dont-Know-JS,112314
2020-04-01,getify/You-Dont-Know-JS,113596
2020-05-01,getify/You-Dont-Know-JS,114837
2020-06-01,getify/You-Dont-Know-JS,116684
2020-07-01,getify/You-Dont-Know-JS,118354
2020-08-01,getify/You-Dont-Know-JS,119701
2020-09-01,getify/You-Dont-Know-JS,121145
2020-10-01,getify/You-Dont-Know-JS,122448
2020-11-01,getify/You-Dont-Know-JS,123873
2020-12-01,getify/You-Dont-Know-JS,124909
2021-01-01,getify/You-Dont-Know-JS,126571
2021-02-01,getify/You-Dont-Know-JS,127838
2021-03-01,getify/You-Dont-Know-JS,128921
2021-04-01,getify/You-Dont-Know-JS,130286
2021-05-01,getify/You-Dont-Know-JS,132341
2021-06-01,getify/You-Dont-Know-JS,134063
2021-07-01,getify/You-Dont-Know-JS,135946
2021-08-01,getify/You-Dont-Know-JS,137400
2021-09-01,getify/You-Dont-Know-JS,138560
2021-10-01,getify/You-Dont-Know-JS,140135
2021-11-01,getify/You-Dont-Know-JS,141187
2021-12-01,getify/You-Dont-Know-JS,142175
2022-01-01,getify/You-Dont-Know-JS,143205
2022-02-01,getify/You-Dont-Know-JS,144492
2022-03-01,getify/You-Dont-Know-JS,145758
2022-04-01,getify/You-Dont-Know-JS,147071
2022-05-01,getify/You-Dont-Know-JS,148325
2022-06-01,getify/You-Dont-Know-JS,150029
2022-07-01,getify/You-Dont-Know-JS,151405
2022-08-01,getify/You-Dont-Know-JS,152813
2022-09-01,getify/You-Dont-Know-JS,154671
2022-10-01,getify/You-Dont-Know-JS,155910
2022-11-01,getify/You-Dont-Know-JS,157145
2022-12-01,getify/You-Dont-Know-JS,158270
2023-01-01,getify/You-Dont-Know-JS,159392
2023-02-01,getify/You-Dont-Know-JS,160860
2023-03-01,getify/You-Dont-Know-JS,162179
2023-04-01,getify/You-Dont-Know-JS,163287
2023-05-01,getify/You-Dont-Know-JS,164283
2023-06-01,getify/You-Dont-Know-JS,165567
2023-07-01,getify/You-Dont-Know-JS,166656
2023-08-01,getify/You-Dont-Know-JS,167581
2023-09-01,getify/You-Dont-Know-JS,168490
2023-10-01,getify/You-Dont-Know-JS,169454
2023-11-01,getify/You-Dont-Know-JS,170423
2023-12-01,getify/You-Dont-Know-JS,171236
2024-01-01,getify/You-Dont-Know-JS,172040
2024-02-01,getify/You-Dont-Know-JS,172826
2024-03-01,getify/You-Dont-Know-JS,173626
2024-04-01,getify/You-Dont-Know-JS,174465
2024-05-01,getify/You-Dont-Know-JS,175085
2024-06-01,getify/You-Dont-Know-JS,176076
2024-07-01,getify/You-Dont-Know-JS,176895
2024-08-01,getify/You-Dont-Know-JS,177538
2024-09-01,getify/You-Dont-Know-JS,178149
2024-10-01,getify/You-Dont-Know-JS,178785
2024-11-01,getify/You-Dont-Know-JS,179306
2024-12-01,getify/You-Dont-Know-JS,179811
2025-01-01,getify/You-Dont-Know-JS,180313
2025-02-01,getify/You-Dont-Know-JS,180437
2018-03-01,CyC2018/CS-Notes,1656
2018-04-01,CyC2018/CS-Notes,10775
2018-05-01,CyC2018/CS-Notes,17271
2018-06-01,CyC2018/CS-Notes,20733
2018-07-01,CyC2018/CS-Notes,23047
2018-08-01,CyC2018/CS-Notes,26721
2018-09-01,CyC2018/CS-Notes,30098
2018-10-01,CyC2018/CS-Notes,33036
2018-11-01,CyC2018/CS-Notes,35230
2018-12-01,CyC2018/CS-Notes,37640
2019-01-01,CyC2018/CS-Notes,40813
2019-02-01,CyC2018/CS-Notes,44036
2019-03-01,CyC2018/CS-Notes,46506
2019-04-01,CyC2018/CS-Notes,50960
2019-05-01,CyC2018/CS-Notes,54189
2019-06-01,CyC2018/CS-Notes,59103
2019-07-01,CyC2018/CS-Notes,63397
2019-08-01,CyC2018/CS-Notes,67327
2019-09-01,CyC2018/CS-Notes,70127
2019-10-01,CyC2018/CS-Notes,73221
2019-11-01,CyC2018/CS-Notes,75904
2019-12-01,CyC2018/CS-Notes,78391
2020-01-01,CyC2018/CS-Notes,81205
2020-02-01,CyC2018/CS-Notes,83922
2020-03-01,CyC2018/CS-Notes,86211
2020-04-01,CyC2018/CS-Notes,90014
2020-05-01,CyC2018/CS-Notes,93598
2020-06-01,CyC2018/CS-Notes,96256
2020-07-01,CyC2018/CS-Notes,98901
2020-08-01,CyC2018/CS-Notes,101445
2020-09-01,CyC2018/CS-Notes,103690
2020-10-01,CyC2018/CS-Notes,105994
2020-11-01,CyC2018/CS-Notes,107926
2020-12-01,CyC2018/CS-Notes,109716
2021-01-01,CyC2018/CS-Notes,112071
2021-02-01,CyC2018/CS-Notes,114385
2021-03-01,CyC2018/CS-Notes,116292
2021-04-01,CyC2018/CS-Notes,119160
2021-05-01,CyC2018/CS-Notes,121628
2021-06-01,CyC2018/CS-Notes,124477
2021-07-01,CyC2018/CS-Notes,128085
2021-08-01,CyC2018/CS-Notes,130281
2021-09-01,CyC2018/CS-Notes,131998
2021-10-01,CyC2018/CS-Notes,133865
2021-11-01,CyC2018/CS-Notes,135531
2021-12-01,CyC2018/CS-Notes,137274
2022-01-01,CyC2018/CS-Notes,139007
2022-02-01,CyC2018/CS-Notes,140594
2022-03-01,CyC2018/CS-Notes,142169
2022-04-01,CyC2018/CS-Notes,144076
2022-05-01,CyC2018/CS-Notes,145577
2022-06-01,CyC2018/CS-Notes,147221
2022-07-01,CyC2018/CS-Notes,149341
2022-08-01,CyC2018/CS-Notes,150838
2022-09-01,CyC2018/CS-Notes,152073
2022-10-01,CyC2018/CS-Notes,153274
2022-11-01,CyC2018/CS-Notes,154374
2022-12-01,CyC2018/CS-Notes,155698
2023-01-01,CyC2018/CS-Notes,156713
2023-02-01,CyC2018/CS-Notes,157611
2023-03-01,CyC2018/CS-Notes,158750
2023-04-01,CyC2018/CS-Notes,159971
2023-05-01,CyC2018/CS-Notes,160997
2023-06-01,CyC2018/CS-Notes,161946
2023-07-01,CyC2018/CS-Notes,162687
2023-08-01,CyC2018/CS-Notes,163461
2023-09-01,CyC2018/CS-Notes,164259
2023-10-01,CyC2018/CS-Notes,165204
2023-11-01,CyC2018/CS-Notes,165961
2023-12-01,CyC2018/CS-Notes,166744
2024-01-01,CyC2018/CS-Notes,167827
2024-02-01,CyC2018/CS-Notes,168753
2024-03-01,CyC2018/CS-Notes,169420
2024-04-01,CyC2018/CS-Notes,170381
2024-05-01,CyC2018/CS-Notes,171236
2024-06-01,CyC2018/CS-Notes,171940
2024-07-01,CyC2018/CS-Notes,172507
2024-08-01,CyC2018/CS-Notes,173274
2024-09-01,CyC2018/CS-Notes,173863
2024-10-01,CyC2018/CS-Notes,174491
2024-11-01,CyC2018/CS-Notes,176389
2024-12-01,CyC2018/CS-Notes,177344
2025-01-01,CyC2018/CS-Notes,178281
2025-02-01,CyC2018/CS-Notes,178387
2009-09-01,ohmyzsh/ohmyzsh,2321
2009-10-01,ohmyzsh/ohmyzsh,2444
2009-11-01,ohmyzsh/ohmyzsh,2580
2009-12-01,ohmyzsh/ohmyzsh,2720
2010-01-01,ohmyzsh/ohmyzsh,2848
2010-02-01,ohmyzsh/ohmyzsh,3001
2010-03-01,ohmyzsh/ohmyzsh,3180
2010-04-01,ohmyzsh/ohmyzsh,3326
2010-05-01,ohmyzsh/ohmyzsh,3482
2010-06-01,ohmyzsh/ohmyzsh,3632
2010-07-01,ohmyzsh/ohmyzsh,3788
2010-08-01,ohmyzsh/ohmyzsh,3940
2010-09-01,ohmyzsh/ohmyzsh,4078
2010-10-01,ohmyzsh/ohmyzsh,4262
2010-11-01,ohmyzsh/ohmyzsh,4421
2010-12-01,ohmyzsh/ohmyzsh,4604
2011-01-01,ohmyzsh/ohmyzsh,4747
2011-02-01,ohmyzsh/ohmyzsh,4916
2011-03-01,ohmyzsh/ohmyzsh,5089
2011-04-01,ohmyzsh/ohmyzsh,5292
2011-05-01,ohmyzsh/ohmyzsh,5468
2011-06-01,ohmyzsh/ohmyzsh,5637
2011-07-01,ohmyzsh/ohmyzsh,5790
2011-08-01,ohmyzsh/ohmyzsh,5932
2011-09-01,ohmyzsh/ohmyzsh,6069
2011-10-01,ohmyzsh/ohmyzsh,6204
2011-11-01,ohmyzsh/ohmyzsh,6318
2011-12-01,ohmyzsh/ohmyzsh,6438
2012-01-01,ohmyzsh/ohmyzsh,6545
2012-02-01,ohmyzsh/ohmyzsh,6652
2012-03-01,ohmyzsh/ohmyzsh,6752
2012-04-01,ohmyzsh/ohmyzsh,6849
2012-05-01,ohmyzsh/ohmyzsh,6919
2012-06-01,ohmyzsh/ohmyzsh,6990
2012-07-01,ohmyzsh/ohmyzsh,7044
2012-08-01,ohmyzsh/ohmyzsh,7096
2012-09-01,ohmyzsh/ohmyzsh,7125
2012-10-01,ohmyzsh/ohmyzsh,7162
2012-11-01,ohmyzsh/ohmyzsh,7182
2012-12-01,ohmyzsh/ohmyzsh,7199
2013-01-01,ohmyzsh/ohmyzsh,7218
2013-02-01,ohmyzsh/ohmyzsh,7236
2013-03-01,ohmyzsh/ohmyzsh,7442
2013-04-01,ohmyzsh/ohmyzsh,7822
2013-05-01,ohmyzsh/ohmyzsh,8210
2013-06-01,ohmyzsh/ohmyzsh,8794
2013-07-01,ohmyzsh/ohmyzsh,9182
2013-08-01,ohmyzsh/ohmyzsh,9730
2013-09-01,ohmyzsh/ohmyzsh,10133
2013-10-01,ohmyzsh/ohmyzsh,10505
2013-11-01,ohmyzsh/ohmyzsh,10944
2013-12-01,ohmyzsh/ohmyzsh,11359
2014-01-01,ohmyzsh/ohmyzsh,11804
2014-02-01,ohmyzsh/ohmyzsh,12254
2014-03-01,ohmyzsh/ohmyzsh,12675
2014-04-01,ohmyzsh/ohmyzsh,13225
2014-05-01,ohmyzsh/ohmyzsh,13771
2014-06-01,ohmyzsh/ohmyzsh,14367
2014-07-01,ohmyzsh/ohmyzsh,14831
2014-08-01,ohmyzsh/ohmyzsh,15390
2014-09-01,ohmyzsh/ohmyzsh,15903
2014-10-01,ohmyzsh/ohmyzsh,16417
2014-11-01,ohmyzsh/ohmyzsh,17027
2014-12-01,ohmyzsh/ohmyzsh,17727
2015-01-01,ohmyzsh/ohmyzsh,18288
2015-02-01,ohmyzsh/ohmyzsh,18865
2015-03-01,ohmyzsh/ohmyzsh,19452
2015-04-01,ohmyzsh/ohmyzsh,20200
2015-05-01,ohmyzsh/ohmyzsh,21065
2015-06-01,ohmyzsh/ohmyzsh,21926
2015-07-01,ohmyzsh/ohmyzsh,22719
2015-08-01,ohmyzsh/ohmyzsh,23634
2015-09-01,ohmyzsh/ohmyzsh,24615
2015-10-01,ohmyzsh/ohmyzsh,25538
2015-11-01,ohmyzsh/ohmyzsh,26616
2015-12-01,ohmyzsh/ohmyzsh,27638
2016-01-01,ohmyzsh/ohmyzsh,28635
2016-02-01,ohmyzsh/ohmyzsh,29712
2016-03-01,ohmyzsh/ohmyzsh,30693
2016-04-01,ohmyzsh/ohmyzsh,32166
2016-05-01,ohmyzsh/ohmyzsh,33208
2016-06-01,ohmyzsh/ohmyzsh,34311
2016-07-01,ohmyzsh/ohmyzsh,35320
2016-08-01,ohmyzsh/ohmyzsh,36825
2016-09-01,ohmyzsh/ohmyzsh,38254
2016-10-01,ohmyzsh/ohmyzsh,39434
2016-11-01,ohmyzsh/ohmyzsh,40713
2016-12-01,ohmyzsh/ohmyzsh,42015
2017-01-01,ohmyzsh/ohmyzsh,43267
2017-02-01,ohmyzsh/ohmyzsh,44458
2017-03-01,ohmyzsh/ohmyzsh,45708
2017-04-01,ohmyzsh/ohmyzsh,47385
2017-05-01,ohmyzsh/ohmyzsh,48740
2017-06-01,ohmyzsh/ohmyzsh,49989
2017-07-01,ohmyzsh/ohmyzsh,51226
2017-08-01,ohmyzsh/ohmyzsh,52572
2017-09-01,ohmyzsh/ohmyzsh,54029
2017-10-01,ohmyzsh/ohmyzsh,55261
2017-11-01,ohmyzsh/ohmyzsh,56599
2017-12-01,ohmyzsh/ohmyzsh,58020
2018-01-01,ohmyzsh/ohmyzsh,59268
2018-02-01,ohmyzsh/ohmyzsh,60670
2018-03-01,ohmyzsh/ohmyzsh,61846
2018-04-01,ohmyzsh/ohmyzsh,63320
2018-05-01,ohmyzsh/ohmyzsh,64905
2018-06-01,ohmyzsh/ohmyzsh,66483
2018-07-01,ohmyzsh/ohmyzsh,67830
2018-08-01,ohmyzsh/ohmyzsh,69271
2018-09-01,ohmyzsh/ohmyzsh,70853
2018-10-01,ohmyzsh/ohmyzsh,72240
2018-11-01,ohmyzsh/ohmyzsh,73651
2018-12-01,ohmyzsh/ohmyzsh,75093
2019-01-01,ohmyzsh/ohmyzsh,76479
2019-02-01,ohmyzsh/ohmyzsh,77943
2019-03-01,ohmyzsh/ohmyzsh,79141
2019-04-01,ohmyzsh/ohmyzsh,80826
2019-05-01,ohmyzsh/ohmyzsh,82444
2019-06-01,ohmyzsh/ohmyzsh,84068
2019-07-01,ohmyzsh/ohmyzsh,86129
2019-08-01,ohmyzsh/ohmyzsh,87776
2019-09-01,ohmyzsh/ohmyzsh,89325
2019-10-01,ohmyzsh/ohmyzsh,90667
2019-11-01,ohmyzsh/ohmyzsh,92739
2019-12-01,ohmyzsh/ohmyzsh,94490
2020-01-01,ohmyzsh/ohmyzsh,96084
2020-02-01,ohmyzsh/ohmyzsh,97615
2020-03-01,ohmyzsh/ohmyzsh,99114
2020-04-01,ohmyzsh/ohmyzsh,100765
2020-05-01,ohmyzsh/ohmyzsh,103731
2020-06-01,ohmyzsh/ohmyzsh,105868
2020-07-01,ohmyzsh/ohmyzsh,107477
2020-08-01,ohmyzsh/ohmyzsh,109062
2020-09-01,ohmyzsh/ohmyzsh,110501
2020-10-01,ohmyzsh/ohmyzsh,111952
2020-11-01,ohmyzsh/ohmyzsh,113416
2020-12-01,ohmyzsh/ohmyzsh,115010
2021-01-01,ohmyzsh/ohmyzsh,116741
2021-02-01,ohmyzsh/ohmyzsh,118172
2021-03-01,ohmyzsh/ohmyzsh,119485
2021-04-01,ohmyzsh/ohmyzsh,120891
2021-05-01,ohmyzsh/ohmyzsh,122292
2021-06-01,ohmyzsh/ohmyzsh,123670
2021-07-01,ohmyzsh/ohmyzsh,125221
2021-08-01,ohmyzsh/ohmyzsh,126528
2021-09-01,ohmyzsh/ohmyzsh,127831
2021-10-01,ohmyzsh/ohmyzsh,129092
2021-11-01,ohmyzsh/ohmyzsh,130986
2021-12-01,ohmyzsh/ohmyzsh,132629
2022-01-01,ohmyzsh/ohmyzsh,134319
2022-02-01,ohmyzsh/ohmyzsh,135869
2022-03-01,ohmyzsh/ohmyzsh,137244
2022-04-01,ohmyzsh/ohmyzsh,138897
2022-05-01,ohmyzsh/ohmyzsh,140464
2022-06-01,ohmyzsh/ohmyzsh,141909
2022-07-01,ohmyzsh/ohmyzsh,143264
2022-08-01,ohmyzsh/ohmyzsh,144600
2022-09-01,ohmyzsh/ohmyzsh,145954
2022-10-01,ohmyzsh/ohmyzsh,147152
2022-11-01,ohmyzsh/ohmyzsh,148389
2022-12-01,ohmyzsh/ohmyzsh,149553
2023-01-01,ohmyzsh/ohmyzsh,150617
2023-02-01,ohmyzsh/ohmyzsh,151765
2023-03-01,ohmyzsh/ohmyzsh,152934
2023-04-01,ohmyzsh/ohmyzsh,154288
2023-05-01,ohmyzsh/ohmyzsh,155577
2023-06-01,ohmyzsh/ohmyzsh,156813
2023-07-01,ohmyzsh/ohmyzsh,157817
2023-08-01,ohmyzsh/ohmyzsh,158783
2023-09-01,ohmyzsh/ohmyzsh,159733
2023-10-01,ohmyzsh/ohmyzsh,160676
2023-11-01,ohmyzsh/ohmyzsh,161742
2023-12-01,ohmyzsh/ohmyzsh,162704
2024-01-01,ohmyzsh/ohmyzsh,163720
2024-02-01,ohmyzsh/ohmyzsh,164754
2024-03-01,ohmyzsh/ohmyzsh,165717
2024-04-01,ohmyzsh/ohmyzsh,166721
2024-05-01,ohmyzsh/ohmyzsh,167717
2024-06-01,ohmyzsh/ohmyzsh,168727
2024-07-01,ohmyzsh/ohmyzsh,169593
2024-08-01,ohmyzsh/ohmyzsh,170527
2024-09-01,ohmyzsh/ohmyzsh,171455
2024-10-01,ohmyzsh/ohmyzsh,172320
2024-11-01,ohmyzsh/ohmyzsh,173271
2024-12-01,ohmyzsh/ohmyzsh,174102
2025-01-01,ohmyzsh/ohmyzsh,174957
2025-02-01,ohmyzsh/ohmyzsh,175139
2015-04-01,flutter/flutter,11
2015-05-01,flutter/flutter,33
2015-06-01,flutter/flutter,1574
2015-07-01,flutter/flutter,1631
2015-08-01,flutter/flutter,1678
2015-09-01,flutter/flutter,1681
2015-10-01,flutter/flutter,1684
2015-11-01,flutter/flutter,1691
2015-12-01,flutter/flutter,2006
2016-01-01,flutter/flutter,2136
2016-02-01,flutter/flutter,2239
2016-03-01,flutter/flutter,2298
2016-04-01,flutter/flutter,2374
2016-05-01,flutter/flutter,2403
2016-06-01,flutter/flutter,2465
2016-07-01,flutter/flutter,2562
2016-08-01,flutter/flutter,2600
2016-09-01,flutter/flutter,2806
2016-10-01,flutter/flutter,2905
2016-11-01,flutter/flutter,3061
2016-12-01,flutter/flutter,3198
2017-01-01,flutter/flutter,3258
2017-02-01,flutter/flutter,3402
2017-03-01,flutter/flutter,3560
2017-04-01,flutter/flutter,3708
2017-05-01,flutter/flutter,3840
2017-06-01,flutter/flutter,4431
2017-07-01,flutter/flutter,4851
2017-08-01,flutter/flutter,5049
2017-09-01,flutter/flutter,5407
2017-10-01,flutter/flutter,6789
2017-11-01,flutter/flutter,7289
2017-12-01,flutter/flutter,7822
2018-01-01,flutter/flutter,8372
2018-02-01,flutter/flutter,8850
2018-03-01,flutter/flutter,11595
2018-04-01,flutter/flutter,18244
2018-05-01,flutter/flutter,20174
2018-06-01,flutter/flutter,22680
2018-07-01,flutter/flutter,27487
2018-08-01,flutter/flutter,30527
2018-09-01,flutter/flutter,32721
2018-10-01,flutter/flutter,34802
2018-11-01,flutter/flutter,36469
2018-12-01,flutter/flutter,38282
2019-01-01,flutter/flutter,43710
2019-02-01,flutter/flutter,47289
2019-03-01,flutter/flutter,49669
2019-04-01,flutter/flutter,53348
2019-05-01,flutter/flutter,56404
2019-06-01,flutter/flutter,60045
2019-07-01,flutter/flutter,62665
2019-08-01,flutter/flutter,65657
2019-09-01,flutter/flutter,67758
2019-10-01,flutter/flutter,70080
2019-11-01,flutter/flutter,72097
2019-12-01,flutter/flutter,74280
2020-01-01,flutter/flutter,76568
2020-02-01,flutter/flutter,79584
2020-03-01,flutter/flutter,81102
2020-04-01,flutter/flutter,82833
2020-05-01,flutter/flutter,84958
2020-06-01,flutter/flutter,86885
2020-07-01,flutter/flutter,88566
2020-08-01,flutter/flutter,91101
2020-09-01,flutter/flutter,92906
2020-10-01,flutter/flutter,95526
2020-11-01,flutter/flutter,98625
2020-12-01,flutter/flutter,100990
2021-01-01,flutter/flutter,102895
2021-02-01,flutter/flutter,104578
2021-03-01,flutter/flutter,106882
2021-04-01,flutter/flutter,110070
2021-05-01,flutter/flutter,112376
2021-06-01,flutter/flutter,114253
2021-07-01,flutter/flutter,116623
2021-08-01,flutter/flutter,119535
2021-09-01,flutter/flutter,121414
2021-10-01,flutter/flutter,123691
2021-11-01,flutter/flutter,124761
2021-12-01,flutter/flutter,125895
2022-01-01,flutter/flutter,127131
2022-02-01,flutter/flutter,128310
2022-03-01,flutter/flutter,130579
2022-04-01,flutter/flutter,131868
2022-05-01,flutter/flutter,133253
2022-06-01,flutter/flutter,135211
2022-07-01,flutter/flutter,136544
2022-08-01,flutter/flutter,137489
2022-09-01,flutter/flutter,138661
2022-10-01,flutter/flutter,140183
2022-11-01,flutter/flutter,141078
2022-12-01,flutter/flutter,141936
2023-01-01,flutter/flutter,143163
2023-02-01,flutter/flutter,145043
2023-03-01,flutter/flutter,146231
2023-04-01,flutter/flutter,147388
2023-05-01,flutter/flutter,148561
2023-06-01,flutter/flutter,150016
2023-07-01,flutter/flutter,151004
2023-08-01,flutter/flutter,151934
2023-09-01,flutter/flutter,153049
2023-10-01,flutter/flutter,153927
2023-11-01,flutter/flutter,154831
2023-12-01,flutter/flutter,155668
2024-01-01,flutter/flutter,156464
2024-02-01,flutter/flutter,157413
2024-03-01,flutter/flutter,158360
2024-04-01,flutter/flutter,159307
2024-05-01,flutter/flutter,160240
2024-06-01,flutter/flutter,161064
2024-07-01,flutter/flutter,161740
2024-08-01,flutter/flutter,162687
2024-09-01,flutter/flutter,163415
2024-10-01,flutter/flutter,164425
2024-11-01,flutter/flutter,165493
2024-12-01,flutter/flutter,166512
2025-01-01,flutter/flutter,167438
2025-02-01,flutter/flutter,167648
2015-10-01,microsoft/vscode,1
2015-11-01,microsoft/vscode,1
2015-12-01,microsoft/vscode,7062
2016-01-01,microsoft/vscode,8103
2016-02-01,microsoft/vscode,8913
2016-03-01,microsoft/vscode,9578
2016-04-01,microsoft/vscode,10473
2016-05-01,microsoft/vscode,12040
2016-06-01,microsoft/vscode,12953
2016-07-01,microsoft/vscode,13710
2016-08-01,microsoft/vscode,14435
2016-09-01,microsoft/vscode,15153
2016-10-01,microsoft/vscode,16006
2016-11-01,microsoft/vscode,16916
2016-12-01,microsoft/vscode,17892
2017-01-01,microsoft/vscode,18809
2017-02-01,microsoft/vscode,19645
2017-03-01,microsoft/vscode,20906
2017-04-01,microsoft/vscode,22580
2017-05-01,microsoft/vscode,24101
2017-06-01,microsoft/vscode,25503
2017-07-01,microsoft/vscode,26725
2017-08-01,microsoft/vscode,28028
2017-09-01,microsoft/vscode,29476
2017-10-01,microsoft/vscode,30970
2017-11-01,microsoft/vscode,33238
2017-12-01,microsoft/vscode,35647
2018-01-01,microsoft/vscode,37320
2018-02-01,microsoft/vscode,39132
2018-03-01,microsoft/vscode,40779
2018-04-01,microsoft/vscode,42631
2018-05-01,microsoft/vscode,44330
2018-06-01,microsoft/vscode,46493
2018-07-01,microsoft/vscode,49330
2018-08-01,microsoft/vscode,51163
2018-09-01,microsoft/vscode,53255
2018-10-01,microsoft/vscode,55411
2018-11-01,microsoft/vscode,57769
2018-12-01,microsoft/vscode,59497
2019-01-01,microsoft/vscode,61064
2019-02-01,microsoft/vscode,62795
2019-03-01,microsoft/vscode,64449
2019-04-01,microsoft/vscode,66858
2019-05-01,microsoft/vscode,68824
2019-06-01,microsoft/vscode,71352
2019-07-01,microsoft/vscode,73022
2019-08-01,microsoft/vscode,74567
2019-09-01,microsoft/vscode,76156
2019-10-01,microsoft/vscode,77764
2019-11-01,microsoft/vscode,79263
2019-12-01,microsoft/vscode,81498
2020-01-01,microsoft/vscode,83285
2020-02-01,microsoft/vscode,84685
2020-03-01,microsoft/vscode,85915
2020-04-01,microsoft/vscode,87425
2020-05-01,microsoft/vscode,89165
2020-06-01,microsoft/vscode,91011
2020-07-01,microsoft/vscode,92632
2020-08-01,microsoft/vscode,94501
2020-09-01,microsoft/vscode,96200
2020-10-01,microsoft/vscode,97682
2020-11-01,microsoft/vscode,99212
2020-12-01,microsoft/vscode,100666
2021-01-01,microsoft/vscode,102366
2021-02-01,microsoft/vscode,103819
2021-03-01,microsoft/vscode,105481
2021-04-01,microsoft/vscode,107388
2021-05-01,microsoft/vscode,109030
2021-06-01,microsoft/vscode,110377
2021-07-01,microsoft/vscode,111819
2021-08-01,microsoft/vscode,113290
2021-09-01,microsoft/vscode,114767
2021-10-01,microsoft/vscode,116080
2021-11-01,microsoft/vscode,117430
2021-12-01,microsoft/vscode,118888
2022-01-01,microsoft/vscode,120145
2022-02-01,microsoft/vscode,121460
2022-03-01,microsoft/vscode,122799
2022-04-01,microsoft/vscode,124222
2022-05-01,microsoft/vscode,125529
2022-06-01,microsoft/vscode,127174
2022-07-01,microsoft/vscode,128475
2022-08-01,microsoft/vscode,129892
2022-09-01,microsoft/vscode,131225
2022-10-01,microsoft/vscode,132469
2022-11-01,microsoft/vscode,133965
2022-12-01,microsoft/vscode,135105
2023-01-01,microsoft/vscode,136413
2023-02-01,microsoft/vscode,137626
2023-03-01,microsoft/vscode,138912
2023-04-01,microsoft/vscode,140291
2023-05-01,microsoft/vscode,141737
2023-06-01,microsoft/vscode,143041
2023-07-01,microsoft/vscode,144194
2023-08-01,microsoft/vscode,145390
2023-09-01,microsoft/vscode,147118
2023-10-01,microsoft/vscode,148495
2023-11-01,microsoft/vscode,149501
2023-12-01,microsoft/vscode,150741
2024-01-01,microsoft/vscode,151838
2024-02-01,microsoft/vscode,153018
2024-03-01,microsoft/vscode,154356
2024-04-01,microsoft/vscode,155451
2024-05-01,microsoft/vscode,156562
2024-06-01,microsoft/vscode,157615
2024-07-01,microsoft/vscode,158698
2024-08-01,microsoft/vscode,159857
2024-09-01,microsoft/vscode,160987
2024-10-01,microsoft/vscode,162191
2024-11-01,microsoft/vscode,163354
2024-12-01,microsoft/vscode,164592
2025-01-01,microsoft/vscode,165708
2025-02-01,microsoft/vscode,165912
